Source: Forbes Billionaires List Data,,,,,,,,,,,,,,,,,,,,,,
Name and Rank,Surname,World Rank,Wealth (Millions),Age,Wealth Source,Industry,Gender,City,State,,,,,,,,,,,,,
TOTAL,"$3,111,000 ",,,,,,,,,,,,,,,,,,,,,
Jeff Bezos,Bezos,1,"$131,000 ",56,Amazon,Technology,M,Seattle,WA,,,,,,,,,,,,,
Bill Gates,Gates,2,"$96,500 ",64,Microsoft,Technology,M,Medina,WA,,,,,,,,,,,,,
Warren Buffett,Buffett,3,"$82,500 ",89,Berkshire Hathaway,Finance & Investments,M,Omaha,NE,,,,,,,,,,,,,
Larry Ellison,Ellison,7,"$62,500 ",75,software,Technology,M,Woodside,CA,,,,,,,,,,,,,
Mark Zuckerberg,Zuckerberg,8,"$62,300 ",35,Facebook,Technology,M,Palo Alto,CA,,,,,,,,,,,,,
Michael Bloomberg,Bloomberg,9,"$55,500 ",77,Bloomberg LP,Media & Entertainment,M,New York,NY,,,,,,,,,,,,,
Larry Page,Page,10,"$50,800 ",46,Google,Technology,M,Palo Alto,CA,,,,,,,,,,,,,
Charles Koch,Koch,11,"$50,500 ",84,Koch Industries,Diversified,M,Wichita,KS,,,,,,,,,,,,,
David Koch,Koch,11,"$50,500 ",79,Koch Industries,Diversified,M,New York,NY,,,,,,,,,,,,,
Sergey Brin,Brin,14,"$49,800 ",46,Google,Technology,M,Los Altos,CA,,,,,,,,,,,,,
Jim Walton,Walton,16,"$44,600 ",71,Walmart,Fashion & Retail,M,Bentonville,AR,,,,,,,,,,,,,
Alice Walton,Walton,17,"$44,400 ",70,Walmart,Fashion & Retail,F,Fort Worth,TX,,,,,,,,,,,,,
Rob Walton,Walton,18,"$44,300 ",75,Walmart,Fashion & Retail,M,Bentonville,AR,,,,,,,,,,,,,
Steve Ballmer,Ballmer,19,"$41,200 ",63,Microsoft,Technology,M,Hunts Point,WA,,,,,,,,,,,,,
Sheldon Adelson,Adelson,24,"$35,100 ",86,casinos,Gambling & Casinos,M,Las Vegas,NV,,,,,,,,,,,,,
Michael Dell,Dell,25,"$34,300 ",54,Dell computers,Technology,M,Austin,TX,,,,,,,,,,,,,
Phil Knight,Knight,26,"$33,400 ",81,Nike,Fashion & Retail,M,Hillsboro,OR,,,,,,,,,,,,,
Jacqueline Mars,Mars,33,"$23,900 ",80,"candy, pet food",Food & Beverage,F,The Plains,VA,,,,,,,,,,,,,
John Mars,Mars,33,"$23,900 ",84,"candy, pet food",Food & Beverage,M,Jackson,WY,,,,,,,,,,,,,
Elon Musk,Musk,40,"$22,300 ",48,Tesla Motors,Automotive,M,Los Angeles,CA,,,,,,,,,,,,,
Jim Simons,Simons,44,"$21,500 ",81,hedge funds,Finance & Investments,M,East Setauket,NY,,,,,,,,,,,,,
Rupert Murdoch,Murdoch,52,"$19,400 ",88,"newspapers, TV network",Media & Entertainment,M,New York,NY,,,,,,,,,,,,,
Laurene Powell Jobs,Powell Jobs,54,"$18,600 ",56,"Apple, Disney",Technology,F,Palo Alto,CA,,,,,,,,,,,,,
Blair Parry-Okeden,Parry-Okeden,153,"$9,300 ",69,"media, automotive",Media & Entertainment,F,Scone,Australia,,,,,,,,,,,,,
Sun Hongbin,Sun,160,"$9,000 ",57,real estate,Real Estate,M,Tianjin,China,,,,,,,,,,,,,
Carl Icahn,Icahn,61,"$17,400 ",83,investments,Finance & Investments,M,New York,NY,,,,,,,,,,,,,
Thomas Peterffy,Peterffy,63,"$17,100 ",75,discount brokerage,Finance & Investments,M,Palm Beach,FL,,,,,,,,,,,,,
Donald Bren,Bren,68,"$16,400 ",87,real estate,Real Estate,M,Newport Beach,CA,,,,,,,,,,,,,
Abigail Johnson,Johnson,71,"$15,600 ",58,money management,Finance & Investments,F,Milton,MA,,,,,,,,,,,,,
Lukas Walton,Walton,75,"$15,200 ",33,Walmart,Fashion & Retail,M,Jackson,WY,,,,,,,,,,,,,
Leonard Lauder,Lauder,82,"$14,600 ",82,Estee Lauder,Fashion & Retail,M,New York,NY,,,,,,,,,,,,,
Stephen Schwarzman,Schwarzman,100,"$13,200 ",72,investments,Finance & Investments,M,New York,NY,,,,,,,,,,,,,
Roger Wang,Wang,546,"$3,800 ",71,retail,Fashion & Retail,M,Nanjing,China,,,,,,,,,,,,,
Eric Schmidt,Schmidt,101,"$12,900 ",64,Google,Technology,M,Atherton,CA,,,,,,,,,,,,,
Harold Hamm,Hamm,105,"$12,700 ",74,oil & gas,Energy,M,Oklahoma City,OK,,,,,,,,,,,,,
"Thomas Frist, Jr.",Frist,107,"$12,400 ",81,hospitals,Healthcare,M,Nashville,TN,,,,,,,,,,,,,
David Duffield,Duffield,114,"$11,800 ",79,business software,Technology,M,Incline Village,NV,,,,,,,,,,,,,
Donald Newhouse,Newhouse,114,"$11,800 ",90,media,Media & Entertainment,M,New York,NY,,,,,,,,,,,,,
Ken Griffin,Griffin,117,"$11,700 ",51,hedge funds,Finance & Investments,M,Chicago,IL,,,,,,,,,,,,,
David Tepper,Tepper,118,"$11,600 ",62,hedge funds,Finance & Investments,M,Miami Beach,FL,,,,,,,,,,,,,
Pierre Omidyar,Omidyar,120,"$11,400 ",52,"eBay, PayPal",Technology,M,Honolulu,HI,,,,,,,,,,,,,
Dustin Moskovitz,Moskovitz,122,"$11,100 ",35,Facebook,Technology,M,San Francisco,CA,,,,,,,,,,,,,
Philip Anschutz,Anschutz,128,"$10,900 ",80,investments,Finance & Investments,M,Denver,CO,,,,,,,,,,,,,
"John Menard, Jr.",Menard,133,"$10,500 ",79,home improvement stores,Fashion & Retail,M,Eau Claire,WI,,,,,,,,,,,,,
Gordon Moore,Moore,140,"$9,700 ",91,Intel,Technology,M,Woodside,CA,,,,,,,,,,,,,
Charles Ergen,Ergen,143,"$9,600 ",66,satellite TV,Media & Entertainment,M,Denver,CO,,,,,,,,,,,,,
Jan Koum,Koum,143,"$9,600 ",43,WhatsApp,Technology,M,Santa Clara,CA,,,,,,,,,,,,,
Ronald Perelman,Perelman,149,"$9,400 ",77,leveraged buyouts,Finance & Investments,M,New York,NY,,,,,,,,,,,,,
Jim Kennedy,Kennedy,153,"$9,300 ",72,"media, automotive",Media & Entertainment,M,Atlanta,GA,,,,,,,,,,,,,
Lin Bin,Lin,597,"$3,600 ",51,smartphones,Technology,M,Bejing,China,,,,,,,,,,,,,
Andrew Beal,Beal,158,"$9,100 ",67,"banks, real estate",Finance & Investments,M,Dallas,TX,,,,,,,,,,,,,
Li Ge,Li,617,"$3,500 ",53,biotech,Healthcare,M,Shanghai,China,,,,,,,,,,,,,
Micky Arison,Arison,162,"$8,900 ",70,Carnival Cruises,Service,M,Bal Harbour,FL,,,,,,,,,,,,,
James Goodnight,Goodnight,162,"$8,900 ",77,software,Technology,M,Cary,NC,,,,,,,,,,,,,
Stanley Kroenke,Kroenke,167,"$8,700 ",72,"sports, real estate",Sports,M,Columbia,MO,,,,,,,,,,,,,
Carl Cook,Cook,178,"$8,300 ",57,medical devices,Healthcare,M,Bloomington,IN,,,,,,,,,,,,,
Charles Schwab,Schwab,178,"$8,300 ",82,discount brokerage,Finance & Investments,M,Woodside,CA,,,,,,,,,,,,,
George Soros,Soros,178,"$8,300 ",89,hedge funds,Finance & Investments,M,Katonah,NY,,,,,,,,,,,,,
David Geffen,Geffen,187,"$7,800 ",76,"movies, record labels",Media & Entertainment,M,Beverly Hills,CA,,,,,,,,,,,,,
"Edward Johnson, III.",Johnson,187,"$7,800 ",89,money management,Finance & Investments,M,Boston,MA,,,,,,,,,,,,,
Stephen Ross,Ross,191,"$7,600 ",79,real estate,Real Estate,M,New York,NY,,,,,,,,,,,,,
George Kaiser,Kaiser,191,"$7,600 ",77,"oil & gas, banking",Energy,M,Tulsa,OK,,,,,,,,,,,,,
"Herbert Kohler, Jr.",Kohler,200,"$7,300 ",80,plumbing fixtures,Manufacturing,M,Kohler,WI,,,,,,,,,,,,,
John Malone,Malone,203,"$7,200 ",78,cable television,Media & Entertainment,M,Elizabeth,CO,,,,,,,,,,,,,
Christy Walton,Walton,203,"$7,200 ",70,Walmart,Fashion & Retail,F,Jackson,WY,,,,,,,,,,,,,
David Green,Green,209,"$7,000 ",78,retail,Fashion & Retail,M,Oklahoma City,OK,,,,,,,,,,,,,
Tom & Judy Love,Love,209,"$7,000 ",82,retail & gas stations,Fashion & Retail,,Oklahoma City,OK,,,,,,,,,,,,,
David Shaw,Shaw,209,"$7,000 ",68,hedge funds,Finance & Investments,M,New York,NY,,,,,,,,,,,,,
Patrick Soon-Shiong,Soon-Shiong,209,"$7,000 ",67,pharmaceuticals,Healthcare,M,Los Angeles,CA,,,,,,,,,,,,,
John Doerr,Doerr,215,"$6,900 ",68,venture capital,Technology,M,Woodside,CA,,,,,,,,,,,,,
Pauline MacMillan Keinath,Keinath,215,"$6,900 ",86,Cargill,Food & Beverage,F,St. Louis,MO,,,,,,,,,,,,,
Ralph Lauren,Lauren,215,"$6,900 ",80,Ralph Lauren,Fashion & Retail,M,New York,NY,,,,,,,,,,,,,
Robert Pera,Pera,215,"$6,900 ",41,wireless networking gear,Technology,M,San Jose,CA,,,,,,,,,,,,,
Jerry Jones,Jones,224,"$6,800 ",77,Dallas Cowboys,Sports,M,Dallas,TX,,,,,,,,,,,,,
Shahid Khan,Khan,224,"$6,800 ",69,auto parts,Automotive,M,Naples,FL,,,,,,,,,,,,,
Ray Dalio,Dalio,57,"$18,400 ",70,hedge funds,Finance & Investments,M,Greenwich,CT,,,,,,,,,,,,,
Eli Broad,Broad,233,"$6,700 ",86,investments,Finance & Investments,M,Los Angeles,CA,,,,,,,,,,,,,
Steve Cohen,Cohen,101,"$12,900 ",63,hedge funds,Finance & Investments,M,Greenwich,CT,,,,,,,,,,,,,
Marc Benioff,Benioff,239,"$6,600 ",55,business software,Technology,M,San Francisco,CA,,,,,,,,,,,,,
Richard Kinder,Kinder,239,"$6,600 ",75,pipelines,Energy,M,Houston,TX,,,,,,,,,,,,,
Robert Kraft,Kraft,244,"$6,500 ",78,New England Patriots,Sports,M,Brookline,MA,,,,,,,,,,,,,
Ann Walton Kroenke,Kroenke,244,"$6,500 ",71,Walmart,Fashion & Retail,F,Columbia,MO,,,,,,,,,,,,,
John A. Sobrato,Sobrato,244,"$6,500 ",80,real estate,Real Estate,M,Atherton,CA,,,,,,,,,,,,,
Leon Black,Black,252,"$6,400 ",68,private equity,Finance & Investments,M,New York,NY,,,,,,,,,,,,,
Israel Englander,Englander,252,"$6,400 ",71,hedge funds,Finance & Investments,M,New York,NY,,,,,,,,,,,,,
Diane Hendricks,Hendricks,257,"$6,300 ",72,roofing,Construction & Engineering,F,Afton,WI,,,,,,,,,,,,,
James Chambers,Chambers,261,"$6,200 ",62,"media, automotive",Media & Entertainment,M,Palisades,NY,,,,,,,,,,,,,
Katharine Rayner,Rayner,261,"$6,200 ",75,"media, automotive",Media & Entertainment,F,East Hampton,NY,,,,,,,,,,,,,
Margaretta Taylor,Taylor,261,"$6,200 ",77,"media, automotive",Media & Entertainment,F,Southampton,NY,,,,,,,,,,,,,
John Overdeck,Overdeck,267,"$6,100 ",50,hedge funds,Finance & Investments,M,Millburn,NJ,,,,,,,,,,,,,
David Siegel,Siegel,267,"$6,100 ",58,hedge funds,Finance & Investments,M,Scarsdale,NY,,,,,,,,,,,,,
Bubba Cathy,Cathy,272,"$6,000 ",65,Chick-fil-A,Food & Beverage,M,Atlanta,GA,,,,,,,,,,,,,
Dan Cathy,Cathy,272,"$6,000 ",66,Chick-fil-A,Food & Beverage,M,Atlanta,GA,,,,,,,,,,,,,
Richard LeFrak,LeFrak,272,"$6,000 ",74,real estate,Real Estate,M,New York,NY,,,,,,,,,,,,,
Marijke Mars,Mars,272,"$6,000 ",55,"candy, pet food",Food & Beverage,F,Los Angeles,CA,,,,,,,,,,,,,
Pamela Mars,Mars,272,"$6,000 ",59,"candy, pet food",Food & Beverage,F,Alexandria,VA,,,,,,,,,,,,,
Valerie Mars,Mars,272,"$6,000 ",60,"candy, pet food",Food & Beverage,F,New York,NY,,,,,,,,,,,,,
Victoria Mars,Mars,272,"$6,000 ",63,"candy, pet food",Food & Beverage,F,Newton Square,PA,,,,,,,,,,,,,
Steven Rales,Rales,272,"$6,000 ",68,manufacturing,Manufacturing,M,Santa Barbara,CA,,,,,,,,,,,,,
Reinhold Schmieding,Schmieding,272,"$6,000 ",65,medical devices,Healthcare,M,Naples,FL,,,,,,,,,,,,,
Dennis Washington,Washington,290,"$5,900 ",85,"construction, mining",Logistics,M,Missoula,MT,,,,,,,,,,,,,
Dannine Avara,Avara,290,"$5,900 ",55,pipelines,Energy,F,Houston,TX,,,,,,,,,,,,,
Scott Duncan,Duncan,290,"$5,900 ",37,pipelines,Energy,M,Houston,TX,,,,,,,,,,,,,
Milane Frantz,Frantz,290,"$5,900 ",50,pipelines,Energy,F,Houston,TX,,,,,,,,,,,,,
Randa Duncan Williams,Williams,290,"$5,900 ",58,pipelines,Energy,F,Houston,TX,,,,,,,,,,,,,
Travis Kalanick,Kalanick,298,"$5,800 ",43,Uber,Technology,M,San Francisco,CA,,,,,,,,,,,,,
Karen Pritzker,Pritzker,379,"$4,800 ",62,"hotels, investments",Service,F,Branford,CT,,,,,,,,,,,,,
Nancy Walton Laurie,Laurie,303,"$5,700 ",68,Walmart,Fashion & Retail,F,Henderson,NV,,,,,,,,,,,,,
John Morris,Morris,303,"$5,700 ",71,sporting goods retail,Fashion & Retail,M,Springfield,MO,,,,,,,,,,,,,
Jim Davis,Davis,311,"$5,600 ",76,New Balance,Manufacturing,M,Newton,MA,,,,,,,,,,,,,
Whitney MacMillan,MacMillan,311,"$5,600 ",90,Cargill,Food & Beverage,M,Minneapolis,MN,,,,,,,,,,,,,
Stewart and Lynda Resnick,Resnick,311,"$5,600 ",,"agriculture, water",Food & Beverage,,Beverly Hills,CA,,,,,,,,,,,,,
Charles Dolan,Dolan,317,"$5,500 ",93,cable television,Media & Entertainment,M,Oyster Bay,NY,,,,,,,,,,,,,
Henry Kravis,Kravis,317,"$5,500 ",76,private equity,Finance & Investments,M,New York,NY,,,,,,,,,,,,,
George Roberts,Roberts,317,"$5,500 ",76,private equity,Finance & Investments,M,Atherton,CA,,,,,,,,,,,,,
Sam Zell,Zell,317,"$5,500 ",78,"real estate, private equity",Real Estate,M,Chicago,IL,,,,,,,,,,,,,
George Lucas,Lucas,325,"$5,400 ",75,Star Wars,Media & Entertainment,M,San Anselmo,CA,,,,,,,,,,,,,
"Edward Roski, Jr.",Roski,325,"$5,400 ",81,real estate,Real Estate,M,Los Angeles,CA,,,,,,,,,,,,,
Robert Rowling,Rowling,334,"$5,300 ",66,"hotels, investments",Energy,M,Dallas,TX,,,,,,,,,,,,,
Bruce Kovner,Kovner,337,"$5,200 ",74,hedge funds,Finance & Investments,M,New York,NY,,,,,,,,,,,,,
Bernard Marcus,Marcus,337,"$5,200 ",90,Home Depot,Fashion & Retail,M,Atlanta,GA,,,,,,,,,,,,,
Sheldon Solow,Solow,337,"$5,200 ",91,real estate,Real Estate,M,New York,NY,,,,,,,,,,,,,
Jack Dorsey,Dorsey,343,"$5,100 ",43,"Twitter, Square",Technology,M,San Francisco,CA,,,,,,,,,,,,,
"Paul Tudor Jones, II.",Jones,343,"$5,100 ",65,hedge funds,Finance & Investments,M,Palm Beach,FL,,,,,,,,,,,,,
Martha Ingram,Ingram,355,"$5,000 ",84,"book distribution, transportation",Media & Entertainment,F,Nashville,TN,,,,,,,,,,,,,
Charles B. Johnson,Johnson,355,"$5,000 ",87,money management,Finance & Investments,M,Palm Beach,FL,,,,,,,,,,,,,
John Paulson,Paulson,355,"$5,000 ",64,hedge funds,Finance & Investments,M,New York,NY,,,,,,,,,,,,,
Robert F. Smith,Smith,355,"$5,000 ",57,private equity,Finance & Investments,M,Austin,TX,,,,,,,,,,,,,
Ted Lerner,Lerner,365,"$4,900 ",94,real estate,Real Estate,M,Chevy Chase,MD,,,,,,,,,,,,,
J. Christopher Reyes,Reyes,365,"$4,900 ",66,food distribution,Food & Beverage,M,Hobe Sound,FL,,,,,,,,,,,,,
Jude Reyes,Reyes,365,"$4,900 ",64,food distribution,Food & Beverage,M,Palm Beach,FL,,,,,,,,,,,,,
Robert Bass,Bass,365,"$4,900 ",71,"oil, investments",Energy,M,Fort Worth,TX,,,,,,,,,,,,,
David Filo,Filo,379,"$4,800 ",53,Yahoo,Technology,M,Palo Alto,CA,,,,,,,,,,,,,
Vincent McMahon,McMahon,691,"$3,200 ",74,entertainment,Sports,M,Greenwich,CT,,,,,,,,,,,,,
"Robert Rich, Jr.",Rich,379,"$4,800 ",78,frozen foods,Food & Beverage,M,Islamorada,FL,,,,,,,,,,,,,
Leonard Stern,Stern,379,"$4,800 ",81,real estate,Real Estate,M,New York,NY,,,,,,,,,,,,,
Daniel Ziff,Ziff,379,"$4,800 ",48,investments,Finance & Investments,M,New York,NY,,,,,,,,,,,,,
Dirk Ziff,Ziff,379,"$4,800 ",55,investments,Finance & Investments,M,North Palm Beach,FL,,,,,,,,,,,,,
Robert Ziff,Ziff,379,"$4,800 ",53,investments,Finance & Investments,M,New York,NY,,,,,,,,,,,,,
Arthur Blank,Blank,394,"$4,700 ",77,Home Depot,Sports,M,Atlanta,GA,,,,,,,,,,,,,
Tilman Fertitta,Fertitta,394,"$4,700 ",62,"Houston Rockets, entertainment",Food & Beverage,M,Houston,TX,,,,,,,,,,,,,
Jeff Skoll,Skoll,394,"$4,700 ",54,eBay,Technology,M,Palo Alto,CA,,,,,,,,,,,,,
David Sun,Sun,394,"$4,700 ",68,computer hardware,Technology,M,Irvine,CA,,,,,,,,,,,,,
John Tu,Tu,394,"$4,700 ",78,computer hardware,Technology,M,Rolling Hills,CA,,,,,,,,,,,,,
Ray Lee Hunt,Hunt,394,"$4,700 ",76,"oil, real estate",Energy,M,Dallas,TX,,,,,,,,,,,,,
Stanley Druckenmiller,Druckenmiller,413,"$4,600 ",66,hedge funds,Finance & Investments,M,New York,NY,,,,,,,,,,,,,
Tamara Gustavson,Gustavson,413,"$4,600 ",58,self storage,Service,F,Malibu,CA,,,,,,,,,,,,,
Sumner Redstone,Redstone,413,"$4,600 ",96,media,Media & Entertainment,M,Beverly Hills,CA,,,,,,,,,,,,,
Les Wexner,Wexner,413,"$4,600 ",82,retail,Fashion & Retail,M,New Albany,OH,,,,,,,,,,,,,
Rocco Commisso,Commisso,424,"$4,500 ",70,telecom,Telecom,M,Saddle River,NJ,,,,,,,,,,,,,
Terrence Pegula,Pegula,424,"$4,500 ",68,natural gas,Energy,M,Boca Raton,FL,,,,,,,,,,,,,
"Walter Scott, Jr.",Scott,424,"$4,500 ",88,"utilities, telecom",Energy,M,Omaha,NE,,,,,,,,,,,,,
John Sall,Sall,436,"$4,400 ",71,software,Technology,M,Cary,NC,,,,,,,,,,,,,
Gwendolyn Sontheim Meyer,Meyer,452,"$4,300 ",58,Cargill,Food & Beverage,F,Rancho Santa Fe,CA,,,,,,,,,,,,,
Isaac Perlmutter,Perlmutter,452,"$4,300 ",77,Marvel comics,Media & Entertainment,M,Palm Beach,FL,,,,,,,,,,,,,
"Julian Robertson, Jr.",Robertson,452,"$4,300 ",87,hedge funds,Finance & Investments,M,Locust Valley,NY,,,,,,,,,,,,,
Gary Rollins,Rollins,452,"$4,300 ",75,pest control,Service,M,Atlanta,GA,,,,,,,,,,,,,
Henry Samueli,Samueli,452,"$4,300 ",65,semiconductors,Technology,M,Newport Beach,CA,,,,,,,,,,,,,
Jeff Sutton,Sutton,452,"$4,300 ",59,real estate,Real Estate,M,New York,NY,,,,,,,,,,,,,
Trevor Rees-Jones,Rees-Jones,452,"$4,300 ",68,oil & gas,Energy,M,Dallas,TX,,,,,,,,,,,,,
Stephen Bisciotti,Bisciotti,472,"$4,200 ",59,"staffing, Baltimore Ravens",Sports,M,Millersville,MD,,,,,,,,,,,,,
"Rupert Johnson, Jr.",Johnson,472,"$4,200 ",79,money management,Finance & Investments,M,Burlingame,CA,,,,,,,,,,,,,
Frank VanderSloot,VanderSloot,472,"$4,200 ",71,"nutrition, wellness products",Fashion & Retail,M,Idaho Falls,ID,,,,,,,,,,,,,
Mark Cuban,Cuban,478,"$4,100 ",61,online media,Media & Entertainment,M,Dallas,TX,,,,,,,,,,,,,
Dagmar Dolby,Dolby,478,"$4,100 ",78,Dolby Laboratories,Technology,F,San Francisco,CA,,,,,,,,,,,,,
Clifford Asness,Asness,715,"$3,100 ",53,money management,Finance & Investments,M,Greenwich,CT,,,,,,,,,,,,,
"Jeremy Jacobs, Sr.",Jacobs,478,"$4,100 ",79,food service,Service,M,East Aurora,NY,,,,,,,,,,,,,
"H. Ross Perot, Sr.",Perot,478,"$4,100 ",89,"computer services, real estate",Diversified,M,Dallas,TX,,,,,,,,,,,,,
Thomas Pritzker,Pritzker,478,"$4,100 ",69,"hotels, investments",Finance & Investments,M,Chicago,IL,,,,,,,,,,,,,
Randall Rollins,Rollins,478,"$4,100 ",88,pest control,Service,M,Atlanta,GA,,,,,,,,,,,,,
Fred Smith,Smith,478,"$4,100 ",75,FedEx,Logistics,M,Memphis,TN,,,,,,,,,,,,,
Russ Weiner,Weiner,478,"$4,100 ",49,energy drinks,Food & Beverage,M,Delray Beach,FL,,,,,,,,,,,,,
Kelcy Warren,Warren,478,"$4,100 ",64,pipelines,Energy,M,Dallas,TX,,,,,,,,,,,,,
Ben Ashkenazy,Ashkenazy,504,"$4,000 ",50,real estate,Real Estate,M,New York,NY,,,,,,,,,,,,,
Bert Beveridge,Beveridge,504,"$4,000 ",58,vodka,Food & Beverage,M,Austin,TX,,,,,,,,,,,,,
Neil Bluhm,Bluhm,504,"$4,000 ",82,real estate,Real Estate,M,Chicago,IL,,,,,,,,,,,,,
"Austen Cargill, II.",Cargill,504,"$4,000 ",68,Cargill,Food & Beverage,M,Livingston,MT,,,,,,,,,,,,,
"James Cargill, II.",Cargill,504,"$4,000 ",70,Cargill,Food & Beverage,M,Birchwood,WI,,,,,,,,,,,,,
Rick Caruso,Caruso,504,"$4,000 ",61,real estate,Real Estate,M,Brentwood,CA,,,,,,,,,,,,,
Jack Dangermond,Dangermond,504,"$4,000 ",74,mapping software,Technology,M,Redlands,CA,,,,,,,,,,,,,
Dan Friedkin,Friedkin,504,"$4,000 ",54,Toyota dealerships,Automotive,M,Houston,TX,,,,,,,,,,,,,
Tom Gores,Gores,504,"$4,000 ",55,private equity,Finance & Investments,M,Beverly Hills,CA,,,,,,,,,,,,,
Reed Hastings,Hastings,504,"$4,000 ",59,Netflix,Media & Entertainment,M,Santa Cruz,CA,,,,,,,,,,,,,
James Leprino,Leprino,504,"$4,000 ",82,cheese,Food & Beverage,M,Indian Hills,CO,,,,,,,,,,,,,
Marianne Liebmann,Liebmann,504,"$4,000 ",66,Cargill,Food & Beverage,F,Bozeman,MT,,,,,,,,,,,,,
Igor Olenicoff,Olenicoff,504,"$4,000 ",77,real estate,Real Estate,M,Lighthouse Point,FL,,,,,,,,,,,,,
Jerry Speyer,Speyer,504,"$4,000 ",79,real estate,Real Estate,M,New York,NY,,,,,,,,,,,,,
John Brown,Brown,529,"$3,900 ",85,medical equipment,Healthcare,M,Atlanta,GA,,,,,,,,,,,,,
Ronald Lauder,Lauder,529,"$3,900 ",75,Estee Lauder,Fashion & Retail,M,New York,NY,,,,,,,,,,,,,
Gabe Newell,Newell,529,"$3,900 ",57,videogames,Gambling & Casinos,M,Seattle,WA,,,,,,,,,,,,,
Harry Stine,Stine,529,"$3,900 ",78,agriculture,Food & Beverage,M,Adel,IA,,,,,,,,,,,,,
Steven Udvar-Hazy,Udvar-Hazy,529,"$3,900 ",73,aircraft leasing,Service,M,Beverly Hills,CA,,,,,,,,,,,,,
Archie Aldis Emmerson,Emmerson,546,"$3,800 ",90,"timberland, lumber mills",Manufacturing,M,Redding,CA,,,,,,,,,,,,,
Jensen Huang,Huang,546,"$3,800 ",56,semiconductors,Technology,M,Los Altos,CA,,,,,,,,,,,,,
H. Fisk Johnson,Johnson,546,"$3,800 ",61,cleaning products,Manufacturing,M,Racine,WI,,,,,,,,,,,,,
S. Curtis Johnson,Johnson,546,"$3,800 ",64,cleaning products,Manufacturing,M,Racine,WI,,,,,,,,,,,,,
Helen Johnson-Leipold,Johnson-Leipold,546,"$3,800 ",63,cleaning products,Manufacturing,F,Racine,WI,,,,,,,,,,,,,
Winifred Johnson-Marquart,Johnson-Marquart,546,"$3,800 ",60,cleaning products,Manufacturing,F,Virginia Beach,VA,,,,,,,,,,,,,
Janice McNair,McNair,546,"$3,800 ",83,"energy, sports",Sports,F,Houston,TX,,,,,,,,,,,,,
"Henry Nicholas, III.",Nicholas,546,"$3,800 ",60,semiconductors,Technology,M,Newport Coast,CA,,,,,,,,,,,,,
Ira Rennert,Rennert,546,"$3,800 ",85,investments,Finance & Investments,M,New York,NY,,,,,,,,,,,,,
John Henry,Henry,838,"$2,700 ",70,sports,Sports,M,Westport,CT,,,,,,,,,,,,,
Nathan Blecharczyk,Blecharczyk,568,"$3,700 ",36,Airbnb,Technology,M,San Francisco,CA,,,,,,,,,,,,,
Brian Chesky,Chesky,568,"$3,700 ",38,Airbnb,Technology,M,San Francisco,CA,,,,,,,,,,,,,
Barry Diller,Diller,568,"$3,700 ",77,online media,Media & Entertainment,M,New York,NY,,,,,,,,,,,,,
Joe Gebbia,Gebbia,568,"$3,700 ",38,Airbnb,Technology,M,San Francisco,CA,,,,,,,,,,,,,
Douglas Leone,Leone,568,"$3,700 ",62,venture capital,Finance & Investments,M,Atherton,CA,,,,,,,,,,,,,
Richard Schulze,Schulze,568,"$3,700 ",79,Best Buy,Fashion & Retail,M,Bonita Springs,FL,,,,,,,,,,,,,
Steven Spielberg,Spielberg,568,"$3,700 ",73,movies,Media & Entertainment,M,Pacific Palisades,CA,,,,,,,,,,,,,
Brian Acton,Acton,597,"$3,600 ",47,WhatsApp,Technology,M,Palo Alto,CA,,,,,,,,,,,,,
Judy Faulkner,Faulkner,597,"$3,600 ",76,health IT,Technology,F,Madison,WI,,,,,,,,,,,,,
"Stephen Mandel, Jr.",Mandel,962,"$2,400 ",63,hedge funds,Finance & Investments,M,Greenwich,CT,,,,,,,,,,,,,
Michael Milken,Milken,597,"$3,600 ",73,investments,Finance & Investments,M,Los Angeles,CA,,,,,,,,,,,,,
Mitchell Rales,Rales,597,"$3,600 ",63,"manufacturing, investments",Manufacturing,M,Potomac,MD,,,,,,,,,,,,,
"Bernard Saul, II.",Saul,597,"$3,600 ",87,"banking, real estate",Finance & Investments,M,Chevy Chase,MD,,,,,,,,,,,,,
Donald Sterling,Sterling,597,"$3,600 ",85,real estate,Real Estate,M,Beverly Hills,CA,,,,,,,,,,,,,
Scott Cook,Cook,617,"$3,500 ",67,software,Technology,M,Woodside,CA,,,,,,,,,,,,,
Ken Fisher,Fisher,617,"$3,500 ",69,money management,Finance & Investments,M,Camas,WA,,,,,,,,,,,,,
Tom Golisano,Golisano,617,"$3,500 ",78,payroll services,Service,M,Naples,FL,,,,,,,,,,,,,
Joshua Harris,Harris,617,"$3,500 ",55,private equity,Finance & Investments,M,New York,NY,,,,,,,,,,,,,
"Edward Johnson, IV.",Johnson,617,"$3,500 ",55,money management,Finance & Investments,M,Boston,MA,,,,,,,,,,,,,
Elizabeth Johnson,Johnson,617,"$3,500 ",56,money management,Finance & Investments,F,Boston,MA,,,,,,,,,,,,,
Min Kao,Kao,617,"$3,500 ",71,navigation equipment,Technology,M,Leawood,KS,,,,,,,,,,,,,
Alexandra Daitch,Daitch,1227,"$1,900 ",57,Cargill,Food & Beverage,F,Old Lyme,CT,,,,,,,,,,,,,
Daniel Och,Och,617,"$3,500 ",58,hedge funds,Finance & Investments,M,Scarsdale,NY,,,,,,,,,,,,,
Howard Schultz,Schultz,617,"$3,500 ",66,Starbucks,Food & Beverage,M,Seattle,WA,,,,,,,,,,,,,
Charles Cohen,Cohen,645,"$3,400 ",67,real estate,Real Estate,M,New York,NY,,,,,,,,,,,,,
Jeff Greene,Greene,645,"$3,400 ",65,"real estate, investments",Real Estate,M,Palm Beach,FL,,,,,,,,,,,,,
Peter Kellogg,Kellogg,645,"$3,400 ",77,investments,Finance & Investments,M,Short Hills,NJ,,,,,,,,,,,,,
Ken Langone,Langone,645,"$3,400 ",84,investments,Finance & Investments,M,Sands Point,NY,,,,,,,,,,,,,
Rodger Riney,Riney,645,"$3,400 ",74,discount brokerage,Finance & Investments,M,St. Louis,MO,,,,,,,,,,,,,
Alejandro Santo Domingo,Santo Domingo,645,"$3,400 ",42,beer,Food & Beverage,M,New York,NY,,,,,,,,,,,,,
Andres Santo Domingo,Santo Domingo,645,"$3,400 ",41,beer,Food & Beverage,M,New York,NY,,,,,,,,,,,,,
Herb Simon,Simon,645,"$3,400 ",85,real estate,Real Estate,M,Indianapolis,IN,,,,,,,,,,,,,
Jon Stryker,Stryker,645,"$3,400 ",61,medical equipment,Healthcare,M,New York,NY,,,,,,,,,,,,,
Meg Whitman,Whitman,645,"$3,400 ",63,eBay,Technology,F,Atherton,CA,,,,,,,,,,,,,
John Arnold,Arnold,667,"$3,300 ",45,hedge funds,Finance & Investments,M,Houston,TX,,,,,,,,,,,,,
David Bonderman,Bonderman,667,"$3,300 ",77,private equity,Finance & Investments,M,Forth Worth,TX,,,,,,,,,,,,,
Allan Goldman,Goldman,667,"$3,300 ",76,real estate,Real Estate,M,New York,NY,,,,,,,,,,,,,
Jane Goldman,Goldman,667,"$3,300 ",64,real estate,Real Estate,F,New York,NY,,,,,,,,,,,,,
Amy Goldman Fowler,Goldman Fowler,667,"$3,300 ",65,real estate,Real Estate,F,Rhinebeck,NY,,,,,,,,,,,,,
"Amos Hostetter, Jr.",Hostetter,667,"$3,300 ",83,cable television,Media & Entertainment,M,Boston,MA,,,,,,,,,,,,,
Diane Kemper,Kemper,667,"$3,300 ",74,real estate,Real Estate,F,New York,NY,,,,,,,,,,,,,
Joe Mansueto,Mansueto,667,"$3,300 ",63,investment research,Finance & Investments,M,Chicago,IL,,,,,,,,,,,,,
Michael Moritz,Moritz,667,"$3,300 ",65,venture capital,Technology,M,San Francisco,CA,,,,,,,,,,,,,
Jay Paul,Paul,667,"$3,300 ",72,real estate,Real Estate,M,San Francisco,CA,,,,,,,,,,,,,
Anthony Pritzker,Pritzker,667,"$3,300 ",59,"hotels, investments",Service,M,Los Angeles,CA,,,,,,,,,,,,,
Romesh T. Wadhwani,Wadhwani,667,"$3,300 ",72,software,Technology,M,Palo Alto,CA,,,,,,,,,,,,,
"Ernest Garcia, II.",Garcia,691,"$3,200 ",62,used cars,Automotive,M,Tempe,AZ,,,,,,,,,,,,,
Jane Lauder,Lauder,691,"$3,200 ",47,EstÃ©e Lauder,Fashion & Retail,F,New York,NY,,,,,,,,,,,,,
Lucy Stitzer,Stitzer,1227,"$1,900 ",60,Cargill,Food & Beverage,F,Greenwich,CT,,,,,,,,,,,,,
J.B. Pritzker,Pritzker,691,"$3,200 ",54,"hotels, investments",Finance & Investments,M,Chicago,IL,,,,,,,,,,,,,
Mark Shoen,Shoen,691,"$3,200 ",69,U-Haul,Automotive,M,Phoenix,AZ,,,,,,,,,,,,,
Paul Singer,Singer,691,"$3,200 ",75,hedge funds,Finance & Investments,M,New York,NY,,,,,,,,,,,,,
Sid Bass,Bass,691,"$3,200 ",77,"oil, investments",Energy,M,Forth Worth,TX,,,,,,,,,,,,,
Lynn Schusterman,Schusterman,691,"$3,200 ",80,"oil & gas, investments",Energy,F,Tulsa,OK,,,,,,,,,,,,,
Mario Gabelli,Gabelli,1349,"$1,700 ",77,money management,Finance & Investments,M,Greenwich,CT,,,,,,,,,,,,,
"Chase Coleman, III.",Coleman,715,"$3,100 ",44,hedge fund,Finance & Investments,M,New York,NY,,,,,,,,,,,,,
Don Hankey,Hankey,715,"$3,100 ",76,auto loans,Finance & Investments,M,Malibu,CA,,,,,,,,,,,,,
John Middleton,Middleton,715,"$3,100 ",64,tobacco,Food & Beverage,M,Atherton,CA,,,,,,,,,,,,,
Jean (Gigi) Pritzker,Pritzker,715,"$3,100 ",57,"hotels, investments",Service,F,Chicago,IL,,,,,,,,,,,,,
Donald Trump,Trump,715,"$3,100 ",73,real estate,Real Estate,M,Washington,DC,,,,,,,,,,,,,
Don Vultaggio,Vultaggio,715,"$3,100 ",67,AriZona Beverages,Food & Beverage,M,Port Washington,NY,,,,,,,,,,,,,
Mark Walter,Walter,715,"$3,100 ",59,finance,Finance & Investments,M,Chicago,IL,,,,,,,,,,,,,
John Catsimatidis,Catsimatidis,715,"$3,100 ",71,"oil, real estate",Energy,M,New York,NY,,,,,,,,,,,,,
Jim Breyer,Breyer,745,"$3,000 ",58,venture capital,Technology,M,Woodside,CA,,,,,,,,,,,,,
Do Won & Jin Sook Chang,Chang,745,"$3,000 ",64,fashion retail,Fashion & Retail,,Los Angeles,CA,,,,,,,,,,,,,
Leon G. Cooperman,Cooperman,745,"$3,000 ",76,hedge funds,Finance & Investments,M,Short Hills,NJ,,,,,,,,,,,,,
James Jannard,Jannard,745,"$3,000 ",70,sunglasses,Fashion & Retail,M,San Juan Islands,WA,,,,,,,,,,,,,
Joseph Liemandt,Liemandt,745,"$3,000 ",51,Software,Technology,M,Austin,TX,,,,,,,,,,,,,
Arturo Moreno,Moreno,745,"$3,000 ",73,"billboards, Anaheim Angels",Sports,M,Phoenix,AZ,,,,,,,,,,,,,
Marc Rowan,Rowan,745,"$3,000 ",57,private equity,Finance & Investments,M,New York,NY,,,,,,,,,,,,,
Michael Rubin,Rubin,745,"$3,000 ",47,online retail,Fashion & Retail,M,Bryn Mawr,PA,,,,,,,,,,,,,
Patrick Ryan,Ryan,745,"$3,000 ",82,insurance,Finance & Investments,M,Winnetka,IL,,,,,,,,,,,,,
Lynsi Snyder,Snyder,745,"$3,000 ",37,In-N-Out Burger,Food & Beverage,F,Glendora,CA,,,,,,,,,,,,,
David Steward,Steward,745,"$3,000 ",68,IT provider,Technology,M,St. Louis,MO,,,,,,,,,,,,,
Steve Wynn,Wynn,745,"$3,000 ",77,"casinos, hotels",Gambling & Casinos,M,Las Vegas,NV,,,,,,,,,,,,,
Jeffery Hildebrand,Hildebrand,745,"$3,000 ",60,oil,Energy,M,Houston,TX,,,,,,,,,,,,,
Gayle Benson,Benson,775,"$2,900 ",72,pro sports teams,Sports,F,New Orleans,LA,,,,,,,,,,,,,
Timothy Boyle,Boyle,775,"$2,900 ",70,Columbia Sportswear,Fashion & Retail,M,Portland,OR,,,,,,,,,,,,,
Nick Caporella,Caporella,775,"$2,900 ",84,beverages,Food & Beverage,M,Plantation,FL,,,,,,,,,,,,,
"Edward DeBartolo, Jr.",DeBartolo,775,"$2,900 ",73,shopping centers,Real Estate,M,Tampa,FL,,,,,,,,,,,,,
Rakesh Gangwal,Gangwal,775,"$2,900 ",66,airline,Service,M,Miami,FL,,,,,,,,,,,,,
Miguel McKelvey,McKelvey,775,"$2,900 ",45,WeWork,Real Estate,M,New York,NY,,,,,,,,,,,,,
Thomas Siebel,Siebel,775,"$2,900 ",67,business software,Technology,M,Woodside,CA,,,,,,,,,,,,,
Charles Simonyi,Simonyi,775,"$2,900 ",71,Microsoft,Technology,M,Medina,WA,,,,,,,,,,,,,
Mortimer Zuckerman,Zuckerman,775,"$2,900 ",82,"real estate, media",Real Estate,M,New York,NY,,,,,,,,,,,,,
Jim Davis,Davis,804,"$2,800 ",59,staffing & recruiting,Service,M,Cockeysville,MD,,,,,,,,,,,,,
Jonathan Gray,Gray,804,"$2,800 ",49,investments,Finance & Investments,M,New York,NY,,,,,,,,,,,,,
Thomas Hagen,Hagen,804,"$2,800 ",84,insurance,Finance & Investments,M,Erie,PA,,,,,,,,,,,,,
B. Wayne Hughes,Hughes,804,"$2,800 ",86,self storage,Service,M,Lexington,KY,,,,,,,,,,,,,
Johnelle Hunt,Hunt,804,"$2,800 ",88,trucking,Logistics,F,Fayetteville,AR,,,,,,,,,,,,,
Daniel Loeb,Loeb,804,"$2,800 ",58,hedge funds,Finance & Investments,M,New York,NY,,,,,,,,,,,,,
Mary Alice Dorrance Malone,Malone,804,"$2,800 ",69,Campbell Soup,Food & Beverage,F,Coatesville,PA,,,,,,,,,,,,,
Richard Peery,Peery,804,"$2,800 ",81,real estate,Real Estate,M,Palo Alto,CA,,,,,,,,,,,,,
J. Joe Ricketts,Ricketts,804,"$2,800 ",78,TD Ameritrade,Finance & Investments,M,Little Jackson Hole,WY,,,,,,,,,,,,,
Haim Saban,Saban,804,"$2,800 ",75,"TV network, investments",Media & Entertainment,M,Beverly Hills,CA,,,,,,,,,,,,,
Thomas Secunda,Secunda,804,"$2,800 ",65,Bloomberg LP,Media & Entertainment,M,Croton-on-Hudson,NY,,,,,,,,,,,,,
Glen Taylor,Taylor,804,"$2,800 ",78,printing,Service,M,Mankato,MN,,,,,,,,,,,,,
"William Wrigley, Jr.",Wrigley,804,"$2,800 ",56,chewing gum,Food & Beverage,M,North Palm Beach,FL,,,,,,,,,,,,,
Riley Bechtel,Bechtel,838,"$2,700 ",67,"engineering, construction",Construction & Engineering,M,San Francisco,CA,,,,,,,,,,,,,
"Stephen Bechtel, Jr.",Bechtel,838,"$2,700 ",94,"engineering, construction",Construction & Engineering,M,San Francisco,CA,,,,,,,,,,,,,
Andrew & Peggy Cherng,Cherng,838,"$2,700 ",,restaurants,Food & Beverage,,Las Vegas,NV,,,,,,,,,,,,,
"William Conway, Jr.",Conway,838,"$2,700 ",70,private equity,Finance & Investments,M,McLean,VA,,,,,,,,,,,,,
Daniel D'Aniello,D'Aniello,838,"$2,700 ",73,private equity,Finance & Investments,M,Vienna,VA,,,,,,,,,,,,,
Gerald Ford,Ford,838,"$2,700 ",75,banking,Finance & Investments,M,Dallas,TX,,,,,,,,,,,,,
Jimmy Haslam,Haslam,838,"$2,700 ",65,"gas stations, retail",Fashion & Retail,M,Knoxville,TN,,,,,,,,,,,,,
Bradley Jacobs,Jacobs,1349,"$1,700 ",63,logistics,Logistics,M,Greenwich,CT,,,,,,,,,,,,,
James Irsay,Irsay,838,"$2,700 ",60,Indianapolis Colts,Sports,M,Carmel,IN,,,,,,,,,,,,,
Jeff Rothschild,Rothschild,838,"$2,700 ",65,Facebook,Technology,M,Palo Alto,CA,,,,,,,,,,,,,
David Rubenstein,Rubenstein,838,"$2,700 ",70,private equity,Finance & Investments,M,Bethesda,MD,,,,,,,,,,,,,
Phil Ruffin,Ruffin,838,"$2,700 ",84,"casinos, real estate",Diversified,M,Las Vegas,NV,,,,,,,,,,,,,
Richard Sands,Sands,838,"$2,700 ",68,liquor,Food & Beverage,M,Canandaigua,NY,,,,,,,,,,,,,
Robert Sands,Sands,838,"$2,700 ",61,liquor,Food & Beverage,M,Canandaigua,NY,,,,,,,,,,,,,
E. Joe Shoen,Shoen,838,"$2,700 ",70,U-Haul,Automotive,M,Pheonix,AZ,,,,,,,,,,,,,
Eric Smidt,Smidt,838,"$2,700 ",60,hardware stores,Fashion & Retail,M,Los Angeles,CA,,,,,,,,,,,,,
Vincent Viola,Viola,838,"$2,700 ",63,electronic trading,Finance & Investments,M,New York,NY,,,,,,,,,,,,,
Doris Fisher,Fisher,877,"$2,600 ",88,Gap,Fashion & Retail,F,San Francisco,CA,,,,,,,,,,,,,
John Fisher,Fisher,877,"$2,600 ",58,Gap,Fashion & Retail,M,San Francisco,CA,,,,,,,,,,,,,
Noam Gottesman,Gottesman,877,"$2,600 ",58,hedge funds,Finance & Investments,M,New York,NY,,,,,,,,,,,,,
Randal J. Kirk,Kirk,877,"$2,600 ",65,pharmaceuticals,Healthcare,M,West Palm Beach,CA,,,,,,,,,,,,,
Sean Parker,Parker,877,"$2,600 ",40,Facebook,Technology,M,Los Angeles,CA,,,,,,,,,,,,,
Jorge Perez,Perez,877,"$2,600 ",70,real estate,Real Estate,M,Miami,FL,,,,,,,,,,,,,
John Pritzker,Pritzker,877,"$2,600 ",66,"hotels, investments",Finance & Investments,M,San Francisco,CA,,,,,,,,,,,,,
Penny Pritzker,Pritzker,877,"$2,600 ",60,"hotels, investments",Finance & Investments,F,Chicago,IL,,,,,,,,,,,,,
T. Denny Sanford,Sanford,877,"$2,600 ",84,"banking, credit cards",Finance & Investments,M,Sioux Falls,SD,,,,,,,,,,,,,
Ty Warner,Warner,877,"$2,600 ",75,"real estate, plush toys",Real Estate,M,Oak Brook,IL,,,,,,,,,,,,,
Jerry Yang,Yang,877,"$2,600 ",51,Yahoo,Technology,M,Los Altos Hills,CA,,,,,,,,,,,,,
George Argyros,Argyros,916,"$2,500 ",82,"real estate, investments",Real Estate,M,Newport Beach,CA,,,,,,,,,,,,,
John Arrillaga,Arrillaga,916,"$2,500 ",82,real estate,Real Estate,M,Portola Valley,CA,,,,,,,,,,,,,
Bill Austin,Austin,916,"$2,500 ",77,hearing aids,Manufacturing,M,Brownsville,TX,,,,,,,,,,,,,
John Paul DeJoria,DeJoria,916,"$2,500 ",75,"hair products, tequila",Fashion & Retail,M,Austin,TX,,,,,,,,,,,,,
Joseph Grendys,Grendys,916,"$2,500 ",58,poultry processing,Food & Beverage,M,Chicago,IL,,,,,,,,,,,,,
Aerin Lauder,Lauder,916,"$2,500 ",49,cosmetics,Fashion & Retail,F,New York,NY,,,,,,,,,,,,,
Eric Lefkofsky,Lefkofsky,916,"$2,500 ",50,Groupon,Technology,M,Glencoe,IL,,,,,,,,,,,,,
Bob Parsons,Parsons,916,"$2,500 ",69,web hosting,Technology,M,Scottsdale,AZ,,,,,,,,,,,,,
Warren Stephens,Stephens,916,"$2,500 ",62,investment banking,Finance & Investments,M,Little Rock,AK,,,,,,,,,,,,,
Peter Thiel,Thiel,916,"$2,500 ",52,"Facebook, Palantir",Finance & Investments,M,Los Angeles,CA,,,,,,,,,,,,,
Oprah Winfrey,Winfrey,916,"$2,500 ",65,TV shows,Media & Entertainment,F,Montecito,CA,,,,,,,,,,,,,
Denise York,York,916,"$2,500 ",69,San Francisco 49ers,Sports,F,Canfield,OH,,,,,,,,,,,,,
Aneel Bhusri,Bhusri,962,"$2,400 ",53,business software,Technology,M,San Francisco,CA,,,,,,,,,,,,,
Norman Braman,Braman,962,"$2,400 ",87,"art, car dealerships",Automotive,M,Miami,FL,,,,,,,,,,,,,
Chuck Bundrant,Bundrant,962,"$2,400 ",77,fishing,Food & Beverage,M,Seattle,WA,,,,,,,,,,,,,
Kenneth Feld,Feld,962,"$2,400 ",71,live entertainment,Media & Entertainment,M,Potomac,MD,,,,,,,,,,,,,
Peter Buck,Buck,1425,"$1,600 ",89,Subway sandwich shops,Food & Beverage,M,Danbury,CT,,,,,,,,,,,,,
C. Dean Metropoulos,Metropoulos,962,"$2,400 ",73,investments,Food & Beverage,M,Palm Beach,FL,,,,,,,,,,,,,
Mark Stevens,Stevens,962,"$2,400 ",59,venture capital,Finance & Investments,M,Atherton,CA,,,,,,,,,,,,,
Pat Stryker,Stryker,962,"$2,400 ",63,medical equipment,Healthcare,F,Fort Collins,CO,,,,,,,,,,,,,
David Walentas,Walentas,962,"$2,400 ",81,real estate,Real Estate,M,New York,NY,,,,,,,,,,,,,
Herbert Wertheim,Wertheim,962,"$2,400 ",80,investments,Finance & Investments,M,Coral Gables,FL,,,,,,,,,,,,,
Anita Zucker,Zucker,962,"$2,400 ",67,chemicals,Manufacturing,F,Charleston,SC,,,,,,,,,,,,,
Ray Davis,Davis,962,"$2,400 ",78,pipelines,Energy,M,Dallas,TX,,,,,,,,,,,,,
Bennett Dorrance,Dorrance,1008,"$2,300 ",73,Campbell Soup,Food & Beverage,M,Paradise Valley,AZ,,,,,,,,,,,,,
David Gottesman,Gottesman,1008,"$2,300 ",93,investments,Finance & Investments,M,Rye,NY,,,,,,,,,,,,,
Drew Houston,Houston,1008,"$2,300 ",36,cloud storage service,Technology,M,San Francisco,CA,,,,,,,,,,,,,
Brad Kelley,Kelley,1008,"$2,300 ",63,tobacco,Real Estate,M,Franklin,TN,,,,,,,,,,,,,
"Drayton McLane, Jr.",McLane,1008,"$2,300 ",83,"Walmart, logistics",Fashion & Retail,M,Temple,TX,,,,,,,,,,,,,
"H. Ross Perot, Jr.",Perot,1008,"$2,300 ",61,real estate,Real Estate,M,Dallas,TX,,,,,,,,,,,,,
Daniel Pritzker,Pritzker,1008,"$2,300 ",60,"hotels, investments",Service,M,Marin County,CA,,,,,,,,,,,,,
Stewart Rahr,Rahr,1008,"$2,300 ",73,drug distribution,Healthcare,M,New York,NY,,,,,,,,,,,,,
Alan Trefler,Trefler,1008,"$2,300 ",63,software,Technology,M,Brookline,MA,,,,,,,,,,,,,
William Macaulay,Macaulay,1941,"$1,100 ",74,energy investments,Energy,M,Greenwich,CT,,,,,,,,,,,,,
Lee Bass,Bass,1008,"$2,300 ",63,"oil, investments",Energy,M,Fort Worth,TX,,,,,,,,,,,,,
George Bishop,Bishop,1008,"$2,300 ",82,oil & gas,Energy,M,The Woodlands,TX,,,,,,,,,,,,,
Ron Baron,Baron,1057,"$2,200 ",76,money management,Finance & Investments,M,New York,NY,,,,,,,,,,,,,
Todd Christopher,Christopher,1057,"$2,200 ",57,hair care products,Fashion & Retail,M,Clearwater,CA,,,,,,,,,,,,,
Jim Coulter,Coulter,1057,"$2,200 ",60,private equity,Finance & Investments,M,San Francisco,CA,,,,,,,,,,,,,
James Dinan,Dinan,1057,"$2,200 ",60,hedge funds,Finance & Investments,M,New York,NY,,,,,,,,,,,,,
Alec Gores,Gores,1057,"$2,200 ",66,private equity,Finance & Investments,M,Bevery Hills,CA,,,,,,,,,,,,,
Clayton Mathile,Mathile,1057,"$2,200 ",79,pet food,Food & Beverage,M,Brookville,OH,,,,,,,,,,,,,
Phillip T. (Terry) Ragon,Ragon,1057,"$2,200 ",70,health IT,Technology,M,Boston,MA,,,,,,,,,,,,,
Brian Sheth,Sheth,1057,"$2,200 ",44,investments,Finance & Investments,M,Austin,TX,,,,,,,,,,,,,
Dan Snyder,Snyder,1057,"$2,200 ",55,Washington Redskins,Sports,M,Potomac,MD,,,,,,,,,,,,,
Ted Turner,Turner,1057,"$2,200 ",81,cable television,Media & Entertainment,M,Atlanta,GA,,,,,,,,,,,,,
Jon Yarbrough,Yarbrough,1057,"$2,200 ",62,video games,Gambling & Casinos,M,Franklin,TN,,,,,,,,,,,,,
Charles Zegar,Zegar,1057,"$2,200 ",71,Bloomberg LP,Media & Entertainment,M,New York,NY,,,,,,,,,,,,,
Edward Bass,Bass,1057,"$2,200 ",74,"oil, investments",Energy,M,Fort Worth,TX,,,,,,,,,,,,,
Ben Chestnut,Chestnut,1116,"$2,100 ",45,email marketing,Technology,M,Atlanta,GA,,,,,,,,,,,,,
James Clark,Clark,1116,"$2,100 ",75,"Netscape, investments",Technology,M,Palm Beach,FL,,,,,,,,,,,,,
Vinod Khosla,Khosla,1116,"$2,100 ",64,venture capital,Technology,M,Portola Valley,CA,,,,,,,,,,,,,
Osman Kibar,Kibar,1116,"$2,100 ",48,biotech,Healthcare,M,La Jolla,CA,,,,,,,,,,,,,
Dan Kurzius,Kurzius,1116,"$2,100 ",48,email marketing,Technology,M,Atlanta,GA,,,,,,,,,,,,,
Thai Lee,Lee,1116,"$2,100 ",61,IT provider,Technology,F,Austin,TX,,,,,,,,,,,,,
Jeffrey Lurie,Lurie,1116,"$2,100 ",68,Philadelphia Eagles,Sports,M,Wynneswood,PN,,,,,,,,,,,,,
Bobby Murphy,Murphy,1116,"$2,100 ",31,Snapchat,Technology,M,Venice,CA,,,,,,,,,,,,,
Antony Ressler,Ressler,1116,"$2,100 ",58,finance,Finance & Investments,M,Los Angeles,CA,,,,,,,,,,,,,
Kavitark Ram Shriram,Shriram,1116,"$2,100 ",62,"venture capital, Google",Technology,M,Menlo Park,CA,,,,,,,,,,,,,
Evan Spiegel,Spiegel,1116,"$2,100 ",29,Snapchat,Technology,M,Los Angeles,CA,,,,,,,,,,,,,
Elaine Wynn,Wynn,1116,"$2,100 ",77,"casinos, hotels",Gambling & Casinos,F,Las Vegas,NV,,,,,,,,,,,,,
Gordon Getty,Getty,1116,"$2,100 ",86,Getty Oil,Energy,M,San Francisco,CA,,,,,,,,,,,,,
S. Daniel Abraham,Abraham,1168,"$2,000 ",95,Slim-Fast,Food & Beverage,M,Palm Beach,CA,,,,,,,,,,,,,
Leslie Alexander,Alexander,1168,"$2,000 ",76,sports team,Sports,M,Houston,TX,,,,,,,,,,,,,
"Herbert Allen, Jr.",Allen,1168,"$2,000 ",79,investment banking,Finance & Investments,M,New York,NY,,,,,,,,,,,,,
Steve Conine,Conine,1168,"$2,000 ",47,online retail,Technology,M,Boston,MA,,,,,,,,,,,,,
Glenn Dubin,Dubin,1168,"$2,000 ",62,hedge funds,Finance & Investments,M,New York,NY,,,,,,,,,,,,,
"Frank Fertitta, III.",Fertitta,1168,"$2,000 ",57,"casinos, mixed martial arts",Sports,M,Las Vegas,NV,,,,,,,,,,,,,
Lorenzo Fertitta,Fertitta,1168,"$2,000 ",51,"casinos, mixed martial arts",Sports,M,Las Vegas,NV,,,,,,,,,,,,,
Phillip Frost,Frost,1168,"$2,000 ",83,pharmaceuticals,Healthcare,M,Miami Beach,FL,,,,,,,,,,,,,
Jeffrey Gundlach,Gundlach,1168,"$2,000 ",61,investments,Finance & Investments,M,Los Angeles,CA,,,,,,,,,,,,,
Bruce Karsh,Karsh,1168,"$2,000 ",64,private equity,Finance & Investments,M,Los Angeles,CA,,,,,,,,,,,,,
Henry Laufer,Laufer,1168,"$2,000 ",74,hedge funds,Finance & Investments,M,Manalapan,FL,,,,,,,,,,,,,
Thomas Lee,Lee,1168,"$2,000 ",75,private equity,Finance & Investments,M,New York,NY,,,,,,,,,,,,,
Howard Marks,Marks,1168,"$2,000 ",73,private equity,Finance & Investments,M,New York,NY,,,,,,,,,,,,,
Nicholas Pritzker,Pritzker,1168,"$2,000 ",76,"hotels, investments",Service,M,Nicasio,CA,,,,,,,,,,,,,
Niraj Shah,Shah,1168,"$2,000 ",45,online retail,Technology,M,Boston,MA,,,,,,,,,,,,,
Tim Sweeney,Sweeney,1168,"$2,000 ",49,video games,Media & Entertainment,M,Raleigh,NC,,,,,,,,,,,,,
W. Herbert Hunt,Hunt,1168,"$2,000 ",90,oil,Energy,M,Dallas,TX,,,,,,,,,,,,,
David Kabiller,Kabiller,2057,"$1,000 ",56,Investment Management,Finance & Investments,M,Greenwich,CT,,,,,,,,,,,,,
Stewart Horejsi,Horejsi,1227,"$1,900 ",82,Berkshire Hathaway,Finance & Investments,M,Pheonix,AZ,,,,,,,,,,,,,
Stanley Hubbard,Hubbard,1227,"$1,900 ",86,DirecTV,Media & Entertainment,M,St. Paul,MN,,,,,,,,,,,,,
Jim Kavanaugh,Kavanaugh,1227,"$1,900 ",57,IT provider,Technology,M,St. Louis ,MO,,,,,,,,,,,,,
Chris Larsen,Larsen,1227,"$1,900 ",59,cryptocurrency,Finance & Investments,M,San Francisco,CA,,,,,,,,,,,,,
William Lauder,Lauder,1227,"$1,900 ",59,Estee Lauder,Fashion & Retail,M,New York,NY,,,,,,,,,,,,,
Sarah MacMillan,MacMillan,1227,"$1,900 ",66,Cargill,Food & Beverage,F,Los Angeles,CA,,,,,,,,,,,,,
David Murdock,Murdock,1227,"$1,900 ",96,"Dole, real estate",Food & Beverage,M,Los Angeles,CA,,,,,,,,,,,,,
Kevin Plank,Plank,1227,"$1,900 ",47,Under Armour,Fashion & Retail,M,Georgetown,MD,,,,,,,,,,,,,
Jennifer Pritzker,Pritzker,1227,"$1,900 ",69,"hotels, investments",Service,F,Chicago,IL,,,,,,,,,,,,,
Linda Pritzker,Pritzker,1227,"$1,900 ",66,"hotels, investments",Service,F,Missoula,MT,,,,,,,,,,,,,
Larry Robbins,Robbins,1227,"$1,900 ",50,hedge funds,Finance & Investments,M,Alpine,NJ,,,,,,,,,,,,,
Rodney Sacks,Sacks,1227,"$1,900 ",70,energy drinks,Food & Beverage,M,Laguna Beach,CA,,,,,,,,,,,,,
Edward Lampert,Lampert,2057,"$1,000 ",57,Sears,Finance & Investments,M,Greenwich,CT,,,,,,,,,,,,,
William Stone,Stone,1227,"$1,900 ",64,software,Technology,M,Naples,FL,,,,,,,,,,,,,
Katherine Tanner,Tanner,1227,"$1,900 ",64,Cargill,Food & Beverage,F,Marathon,FL,,,,,,,,,,,,,
John Tyson,Tyson,1227,"$1,900 ",66,food processing,Food & Beverage,M,Springdale,AK,,,,,,,,,,,,,
Amy Wyss,Wyss,1227,"$1,900 ",49,medical equipment,Healthcare,F,Wilson,WY,,,,,,,,,,,,,
David Zalik,Zalik,1227,"$1,900 ",45,financial technology,Technology,M,Atlanta,GA,,,,,,,,,,,,,
Carol Jenkins Barnett,Barnett,1281,"$1,800 ",63,Publix supermarkets,Food & Beverage,F,Lakeland,FL,,,,,,,,,,,,,
William Berkley,Berkley,1281,"$1,800 ",73,insurance,Finance & Investments,M,Coconut Grove,FL,,,,,,,,,,,,,
Robert Duggan,Duggan,1281,"$1,800 ",75,pharmaceuticals,Healthcare,M,Clearwater,FL,,,,,,,,,,,,,
John Farber,Farber,1281,"$1,800 ",94,chemicals,Manufacturing,M,New York,NY,,,,,,,,,,,,,
James France,France,1281,"$1,800 ",75,"Nascar, racing",Sports,M,Daytona Beach,FL,,,,,,,,,,,,,
Valentin Gapontsev,Gapontsev,1281,"$1,800 ",80,lasers,Manufacturing,M,Worcester,MA,,,,,,,,,,,,,
Bill Haslam,Haslam,1281,"$1,800 ",61,truck stops,Fashion & Retail,M,Nashville,TN,,,,,,,,,,,,,
Michael Jordan,Jordan,1281,"$1,800 ",56,"Charlotte Hornets, endorsements",Sports,M,Chicago,IL,,,,,,,,,,,,,
Marc Lasry,Lasry,1281,"$1,800 ",59,hedge funds,Finance & Investments,M,New York,NY,,,,,,,,,,,,,
David Lichtenstein,Lichtenstein,1281,"$1,800 ",58,real estate,Real Estate,M,Monsey,NY,,,,,,,,,,,,,
Craig McCaw,McCaw,1281,"$1,800 ",70,telecom,Telecom,M,Hunts Point,WA,,,,,,,,,,,,,
John Liew,Liew,2057,"$1,000 ",52,Investment Management,Finance & Investments,M,Greenwich,CT,,,,,,,,,,,,,
Jonathan Nelson,Nelson,1281,"$1,800 ",63,private equity,Finance & Investments,M,Providence,RI,,,,,,,,,,,,,
Brian Roberts,Roberts,1281,"$1,800 ",60,Comcast,Service,M,Philadelphia,PA,,,,,,,,,,,,,
Leonard Schleifer,Schleifer,1281,"$1,800 ",67,pharmaceuticals,Healthcare,M,,NY,,,,,,,,,,,,,
Todd Wagner,Wagner,1281,"$1,800 ",59,online media,Media & Entertainment,M,Dallas,TX,,,,,,,,,,,,,
Ronald Wanek,Wanek,1281,"$1,800 ",78,furniture,Manufacturing,M,St. Petersburg,FL,,,,,,,,,,,,,
Christopher Cline,Cline,1281,"$1,800 ",61,coal,Energy,M,North Palm Beach,FL,,,,,,,,,,,,,
William Koch,Koch,1281,"$1,800 ",79,"oil, investments",Energy,M,Palm Beach,FL,,,,,,,,,,,,,
Len Blavatnik,Blavatnik,59,"$17,700 ",62,diversified,Diversified,M,London,England,,,,,,,,,,,,,
David Booth,Booth,1349,"$1,700 ",74,mutual funds,Finance & Investments,M,Austin,TX,,,,,,,,,,,,,
Evgeny (Eugene) Shvidler,Shvidler,1511,"$1,500 ",55,"oil & gas, investments",Energy,M,London,England,,,,,,,,,,,,,
Peter Gassner,Gassner,1349,"$1,700 ",54,software,Technology,M,Pleasanton,CA,,,,,,,,,,,,,
Reid Hoffman,Hoffman,1349,"$1,700 ",52,LinkedIn,Technology,M,Palo Alto,CA,,,,,,,,,,,,,
Jim Thompson,Thompson,1425,"$1,600 ",80,logistics,Logistics,M,Hong Kong,Hong Kong,,,,,,,,,,,,,
Jimmy John Liautaud,Liautaud,1349,"$1,700 ",56,sandwich chain,Food & Beverage,M,Key Largo,FL,,,,,,,,,,,,,
Catherine Lozick,Lozick,1349,"$1,700 ",74,valve manufacturing,Manufacturing,F,Fort Lauderdale,FL,,,,,,,,,,,,,
Gary Michelson,Michelson,1349,"$1,700 ",71,medical patents,Healthcare,M,Los Angeles,CA,,,,,,,,,,,,,
"Julio Mario Santo Domingo, III.",Santo Domingo,1349,"$1,700 ",34,beer,Food & Beverage,M,New York,NY,,,,,,,,,,,,,
Henry Swieca,Swieca,1349,"$1,700 ",62,hedge funds,Finance & Investments,M,New York,NY,,,,,,,,,,,,,
Jeffrey Talpins,Talpins,1349,"$1,700 ",44,hedge fund,Finance & Investments,M,Larchmont,NY,,,,,,,,,,,,,
Paul Foster,Foster,1349,"$1,700 ",62,oil refining,Energy,M,El Paso,TX,,,,,,,,,,,,,
Bill Alfond,Alfond,1425,"$1,600 ",71,shoes,Fashion & Retail,M,Boston,MA,,,,,,,,,,,,,
Susan Alfond,Alfond,1425,"$1,600 ",74,shoes,Fashion & Retail,F,Scarborough,ME,,,,,,,,,,,,,
Ted Alfond,Alfond,1425,"$1,600 ",75,shoes,Fashion & Retail,M,Weston,MA,,,,,,,,,,,,,
Nicolas Berggruen,Berggruen,1425,"$1,600 ",58,investments,Finance & Investments,M,Beverly Hills,CA,,,,,,,,,,,,,
O. Francis Biondi,Biondi,1425,"$1,600 ",55,hedge funds,Finance & Investments,M,New York,NY,,,,,,,,,,,,,
Hank & Doug Meijer,Meijer,224,"$6,800 ",,supermarkets,Fashion & Retail,M,Grand Rapids,MI,,,,,,,,,,,,,
Christopher Goldsbury,Goldsbury,1425,"$1,600 ",77,salsa,Food & Beverage,M,San Antonio,TX,,,,,,,,,,,,,
Ryan Graves,Graves,1425,"$1,600 ",36,uber,Technology,M,San Francisco,CA,,,,,,,,,,,,,
Brian Higgins,Higgins,1425,"$1,600 ",54,hedge funds,Finance & Investments,M,New York,NY,,,,,,,,,,,,,
George Joseph,Joseph,1425,"$1,600 ",98,insurance,Finance & Investments,M,Los Angeles,CA,,,,,,,,,,,,,
Charles Munger,Munger,1425,"$1,600 ",96,Berkshire Hathaway,Finance & Investments,M,Los Angeles,CA,,,,,,,,,,,,,
Craig Newmark,Newmark,1425,"$1,600 ",67,Craigslist,Technology,M,San Francisco,CA,,,,,,,,,,,,,
Nelson Peltz,Peltz,1425,"$1,600 ",77,investments,Finance & Investments,M,Bedford,NY,,,,,,,,,,,,,
Jerry Reinsdorf,Reinsdorf,1425,"$1,600 ",83,sports teams,Sports,M,Chicago,IL,,,,,,,,,,,,,
Sheryl Sandberg,Sandberg,1425,"$1,600 ",50,Facebook,Technology,F,Menlo Park,CA,,,,,,,,,,,,,
Ben Silbermann,Silbermann,1425,"$1,600 ",37,Pinterest,Technology,M,San Francisco,CA,,,,,,,,,,,,,
Thomas Steyer,Steyer,1425,"$1,600 ",62,hedge funds,Finance & Investments,M,San Francisco,CA,,,,,,,,,,,,,
Daniel Gilbert,Gilbert,233,"$6,700 ",57,Quicken Loans,Finance & Investments,M,Franklin,MI,,,,,,,,,,,,,
Evan Williams,Williams,1425,"$1,600 ",47,Twitter,Technology,M,San Francisco,CA,,,,,,,,,,,,,
"Jim Justice, II",Justice,1511,"$1,500 ",68,coal,Metals & Mining,M,Lewisburg,WV,,,,,,,,,,,,,
Louis Bacon,Bacon,1511,"$1,500 ",63,hedge funds,Finance & Investments,M,Oyster Bay,NY,,,,,,,,,,,,,
Ron Burkle,Burkle,1511,"$1,500 ",67,"supermarkets, investments",Finance & Investments,M,Los Angeles,CA,,,,,,,,,,,,,
Yvon Chouinard,Chouinard,1511,"$1,500 ",81,Patagonia,Fashion & Retail,M,Ventura,CA,,,,,,,,,,,,,
Stephen Feinberg,Feinberg,1511,"$1,500 ",59,private equity,Finance & Investments,M,New York,NY,,,,,,,,,,,,,
Kathy Fields,Fields,1511,"$1,500 ",61,skin care,Fashion & Retail,F,San Francisco,CA,,,,,,,,,,,,,
Bill Gross,Gross,1511,"$1,500 ",75,investments,Finance & Investments,M,Laguna Beach,CA,,,,,,,,,,,,,
Hamilton James,James,1511,"$1,500 ",68,investments,Finance & Investments,M,New York,NY,,,,,,,,,,,,,
Seth Klarman,Klarman,1511,"$1,500 ",62,investments,Finance & Investments,M,Newton,MA,,,,,,,,,,,,,
Jeffrey Lorberbaum,Lorberbaum,1511,"$1,500 ",65,flooring,Manufacturing,M,Chattanooga,TN,,,,,,,,,,,,,
Daniel Lubetzky,Lubetzky,1511,"$1,500 ",51,KIND Healthy Snacks,Food & Beverage,M,New York,NY,,,,,,,,,,,,,
Billy Joe (Red) McCombs,McCombs,1511,"$1,500 ",92,"real estate, oil, cars, sports",Diversified,M,San Antonio,TX,,,,,,,,,,,,,
Jim McKelvey,McKelvey,1511,"$1,500 ",54,mobile payments,Technology,M,St. Louis,MO,,,,,,,,,,,,,
Ronda Stryker,Stryker,298,"$5,800 ",65,medical equipment,Healthcare,F,Portage,MI,,,,,,,,,,,,,
Forrest Preston,Preston,1511,"$1,500 ",86,health care,Healthcare,M,Cleveland,TN,,,,,,,,,,,,,
Chad Richison,Richison,1511,"$1,500 ",49,payroll processing,Technology,M,Edmond,OK,,,,,,,,,,,,,
Katie Rodan,Rodan,1511,"$1,500 ",64,skin care,Fashion & Retail,F,San Francisco,CA,,,,,,,,,,,,,
Martin Selig,Selig,1511,"$1,500 ",82,real estate,Real Estate,M,Seattle,WA,,,,,,,,,,,,,
Timothy Headington,Headington,1511,"$1,500 ",69,"oil & gas, investments",Energy,M,Dallas,TX,,,,,,,,,,,,,
Kenneth Tuchman,Tuchman,1511,"$1,500 ",60,outsourcing,Service,M,Denver,CO,,,,,,,,,,,,,
Stephen Winn,Winn,1511,"$1,500 ",73,real estate services,Real Estate,M,Dallas,TX,,,,,,,,,,,,,
Marian Ilitch,Ilitch,478,"$4,100 ",87,Little Caesars,Food & Beverage,F,Bingham Farms,MI,,,,,,,,,,,,,
Edmund Ansin,Ansin,1605,"$1,400 ",83,television,Media & Entertainment,M,Miami Beach,FL,,,,,,,,,,,,,
Herb Chambers,Chambers,1605,"$1,400 ",78,car dealerships,Automotive,M,Boston,MA,,,,,,,,,,,,,
Bharat Desai,Desai,1605,"$1,400 ",67,IT consulting,Technology,M,Fisher Island,FL,,,,,,,,,,,,,
John Edson,Edson,1605,"$1,400 ",87,leisure craft,Manufacturing,M,Jackson,WY,,,,,,,,,,,,,
Robert Fisher,Fisher,1605,"$1,400 ",66,Gap,Service,M,San Francisco,CA,,,,,,,,,,,,,
William Fisher,Fisher,1605,"$1,400 ",62,Gap,Fashion & Retail,M,San Francisco,CA,,,,,,,,,,,,,
William Young,Young,1008,"$2,300 ",79,plastics,Manufacturing,M,Ypsilanti,MI,,,,,,,,,,,,,
Alan Gerry,Gerry,1605,"$1,400 ",91,cable television,Media & Entertainment,M,Liberty,NY,,,,,,,,,,,,,
J. Tomilson Hill,Hill,1605,"$1,400 ",71,investments,Finance & Investments,M,New York,NY,,,,,,,,,,,,,
"B. Wayne Hughes, Jr.",Hughes,1605,"$1,400 ",59,storage facilities,Real Estate,M,Lexington,KY,,,,,,,,,,,,,
Michael Krasny,Krasny,1605,"$1,400 ",66,retail,Technology,M,Highland Park,IL,,,,,,,,,,,,,
Philippe Laffont,Laffont,1605,"$1,400 ",52,hedge fund,Finance & Investments,M,New York,NY,,,,,,,,,,,,,
James Leininger,Leininger,1605,"$1,400 ",74,medical products,Healthcare,M,San Antonio,TX,,,,,,,,,,,,,
George Marcus,Marcus,1605,"$1,400 ",78,real estate,Real Estate,M,Los Altos Hills,CA,,,,,,,,,,,,,
Gail Miller,Miller,1605,"$1,400 ",76,car dealerships,Automotive,F,Salt Lake City,UT,,,,,,,,,,,,,
Fayez Sarofim,Sarofim,1605,"$1,400 ",91,money management,Finance & Investments,M,Houston,TX,,,,,,,,,,,,,
Peter Sperling,Sperling,1605,"$1,400 ",60,education,Service,M,Phoenix,AZ,,,,,,,,,,,,,
Kevin Systrom,Systrom,1605,"$1,400 ",36,Instagram,Technology,M,San Francisco,CA,,,,,,,,,,,,,
Jonathan Tisch,Tisch,1605,"$1,400 ",66,"insurance, NFL team",Diversified,M,New York,NY,,,,,,,,,,,,,
Wilma Tisch,Tisch,1605,"$1,400 ",92,diversified,Finance & Investments,F,New York,NY,,,,,,,,,,,,,
Kenny Troutt,Troutt,1605,"$1,400 ",72,telecom,Telecom,M,Dallas,TX,,,,,,,,,,,,,
Chris Wanstrath,Wanstrath,1605,"$1,400 ",34,collaborative software,Technology,M,San Francisco,CA,,,,,,,,,,,,,
Charlotte Colket Weber,Weber,1605,"$1,400 ",77,Campbell Soup,Food & Beverage,F,Hobe Sound,FL,,,,,,,,,,,,,
Dan Wilks,Wilks,1605,"$1,400 ",63,natural gas,Energy,M,Cisco,TX,,,,,,,,,,,,,
Farris Wilks,Wilks,1605,"$1,400 ",67,natural gas,Energy,M,Cisco,TX,,,,,,,,,,,,,
Marc Andreessen,Andreessen,1717,"$1,300 ",48,venture capital investing,Finance & Investments,M,Silicon Valley,CA,,,,,,,,,,,,,
Brian Armstrong,Armstrong,1717,"$1,300 ",36,cryptocurrency,Finance & Investments,M,San Francisco,CA,,,,,,,,,,,,,
Steve Case,Case,1717,"$1,300 ",61,AOL,Technology,M,Washington,DC,,,,,,,,,,,,,
Henry Davis,Davis,1717,"$1,300 ",68,beef processing,Food & Beverage,M,Omaha,NE,,,,,,,,,,,,,
Darwin Deason,Deason,1717,"$1,300 ",79,Xerox,Service,M,Dallas,TX,,,,,,,,,,,,,
Jamie Dimon,Dimon,1717,"$1,300 ",63,banking,Finance & Investments,M,New York,NY,,,,,,,,,,,,,
Manuel Moroun,Moroun,1281,"$1,800 ",92,transportation,Logistics,M,Grosse Pointe Shores,MI,,,,,,,,,,,,,
Anne Gittinger,Gittinger,1717,"$1,300 ",84,Nordstrom department stores,Fashion & Retail,F,Seattle,WA,,,,,,,,,,,,,
Sue Gross,Gross,1717,"$1,300 ",69,investments,Finance & Investments,F,Laguna Beach,CA,,,,,,,,,,,,,
Mitchell Jacobson,Jacobson,1717,"$1,300 ",68,industrial equipment,Service,M,Locust Valley,NY,,,,,,,,,,,,,
Alexander Karp,Karp,1717,"$1,300 ",52,software firm,Technology,M,Palo Alto,CA,,,,,,,,,,,,,
Sidney Kimmel,Kimmel,1717,"$1,300 ",91,retail,Fashion & Retail,M,New York,NY,,,,,,,,,,,,,
"Cargill MacMillan, III.",MacMillan,1717,"$1,300 ",60,Cargill,Food & Beverage,M,Boulder,CO,,,,,,,,,,,,,
John MacMillan,MacMillan,1717,"$1,300 ",70,Cargill,Food & Beverage,M,Orono,MN,,,,,,,,,,,,,
Martha MacMillan,MacMillan,1717,"$1,300 ",68,Cargill,Food & Beverage,F,Orono,MN,,,,,,,,,,,,,
William MacMillan,MacMillan,1717,"$1,300 ",65,Cargill,Food & Beverage,M,Englewood,CO,,,,,,,,,,,,,
Gary Magness,Magness,1717,"$1,300 ",65,"cable TV, investments",Media & Entertainment,M,Denver,CO,,,,,,,,,,,,,
Alexander Rovt,Rovt,1717,"$1,300 ",67,"fertilizer, real estate",Manufacturing,M,New York,NY,,,,,,,,,,,,,
Steven Sarowitz,Sarowitz,1717,"$1,300 ",54,payroll software,Technology,M,Highland Park,IL,,,,,,,,,,,,,
Thomas Bailey,Bailey,1818,"$1,200 ",83,money management,Finance & Investments,M,Aspen,CO,,,,,,,,,,,,,
J. Hyatt Brown,Brown,1818,"$1,200 ",82,insurance,Finance & Investments,M,Ormond Beach,FL,,,,,,,,,,,,,
James Duff,Duff,1818,"$1,200 ",58,"tires, diversified",Diversified,M,Hattiesburg,MS,,,,,,,,,,,,,
Thomas Duff,Duff,1818,"$1,200 ",63,"tires, diversified",Diversified,M,Hattiesburg,MS,,,,,,,,,,,,,
Joseph Edelman,Edelman,1818,"$1,200 ",64,hedge funds,Finance & Investments,M,New York,NY,,,,,,,,,,,,,
Roger Penske,Penske,1511,"$1,500 ",82,cars,Automotive,M,Birmingham,MI,,,,,,,,,,,,,
J. Christopher Flowers,Flowers,1818,"$1,200 ",62,investments,Finance & Investments,M,New York,NY,,,,,,,,,,,,,
Donald Friese,Friese,1818,"$1,200 ",79,manufacturing,Manufacturing,M,Los Angeles,CA,,,,,,,,,,,,,
Richard Hayne,Hayne,1818,"$1,200 ",72,Urban Outfitters,Fashion & Retail,M,Philadelphia,PA,,,,,,,,,,,,,
Irwin Jacobs,Jacobs,1818,"$1,200 ",86,semiconductors,Technology,M,La Jolla,CA,,,,,,,,,,,,,
Thomas James,James,1818,"$1,200 ",77,finance,Finance & Investments,M,St. Petersburg,FL,,,,,,,,,,,,,
Frank Laukien,Laukien,1818,"$1,200 ",59,scientific equipment,Manufacturing,M,Boston,MA,,,,,,,,,,,,,
John Martin,Martin,1818,"$1,200 ",68,pharmaceuticals,Healthcare,M,Los Angeles,CA,,,,,,,,,,,,,
Jerry Moyes,Moyes,1818,"$1,200 ",76,transportation,Logistics,M,Tolleson,AZ,,,,,,,,,,,,,
Bruce Nordstrom,Nordstrom,1818,"$1,200 ",86,Nordstrom department stores,Fashion & Retail,M,Seattle,WA,,,,,,,,,,,,,
Eren Ozmen,Ozmen,1818,"$1,200 ",61,aerospace,Manufacturing,F,Reno,NV,,,,,,,,,,,,,
Fatih Ozmen,Ozmen,1818,"$1,200 ",61,aerospace,Manufacturing,M,Reno,NV,,,,,,,,,,,,,
David Paul,Paul,1818,"$1,200 ",53,medical devices,Healthcare,M,Audubon,PA,,,,,,,,,,,,,
Mark Pincus,Pincus,1818,"$1,200 ",53,online games,Technology,M,San Francisco,CA,,,,,,,,,,,,,
Tom Preston-Werner,Preston-Werner,1818,"$1,200 ",40,collaborative software,Technology,M,San Francisco,CA,,,,,,,,,,,,,
Thomas Tull,Tull,1818,"$1,200 ",49,"movies, investments",Media & Entertainment,M,Westlake Village,CA,,,,,,,,,,,,,
Jayshree Ullal,Ullal,1818,"$1,200 ",58,computer networking,Technology,F,Saratoga,CA,,,,,,,,,,,,,
George Yancopoulos,Yancopoulos,1818,"$1,200 ",60,pharmaceuticals,Healthcare,M,Yorktown Heights,NY,,,,,,,,,,,,,
"Richard Yuengling, Jr.",Yuengling,1818,"$1,200 ",76,beer,Food & Beverage,M,Pottsville,PA,,,,,,,,,,,,,
William Ackman,Ackman,1941,"$1,100 ",53,hedge funds,Finance & Investments,M,New York,NY,,,,,,,,,,,,,
Sara Blakely,Blakely,1941,"$1,100 ",48,Spanx,Fashion & Retail,F,Atlanta,GA,,,,,,,,,,,,,
Adam Bowen,Bowen,1941,"$1,100 ",44,e-cigarettes,Manufacturing,M,San Mateo,CA,,,,,,,,,,,,,
Paul Fireman,Fireman,1941,"$1,100 ",75,Reebok,Fashion & Retail,M,Brookline,MA,,,,,,,,,,,,,
Jeff Green,Green,1941,"$1,100 ",42,digital advertising,Media & Entertainment,M,Palm Beach,FL,,,,,,,,,,,,,
Richard Kayne,Kayne,1941,"$1,100 ",74,investments,Finance & Investments,M,Santa Monica,CA,,,,,,,,,,,,,
Jim Koch,Koch,1941,"$1,100 ",70,beer,Food & Beverage,M,Newton,MA,,,,,,,,,,,,,
Theodore Leonsis,Leonsis,1941,"$1,100 ",64,sports teams,Sports,M,Potomac ,MD,,,,,,,,,,,,,
Nancy Lerner,Lerner,1941,"$1,100 ",59,"banking, credit cards",Finance & Investments,F,Cleveland,OH,,,,,,,,,,,,,
Norma Lerner,Lerner,1941,"$1,100 ",83,banking,Finance & Investments,F,Cleveland,OH,,,,,,,,,,,,,
Randolph Lerner,Lerner,1941,"$1,100 ",57,"banking, credit cards",Finance & Investments,M,Cleveland,OH,,,,,,,,,,,,,
Frederic Luddy,Luddy,1941,"$1,100 ",65,software,Technology,M,San Diego,CA,,,,,,,,,,,,,
Duncan MacMillan,MacMillan,1941,"$1,100 ",82,Bloomberg LP,Finance & Investments,M,Princeton,NJ,,,,,,,,,,,,,
James Monsees,Monsees,1941,"$1,100 ",39,e-cigarettes,Manufacturing,M,San Francisco,CA,,,,,,,,,,,,,
Michael Price,Price,1941,"$1,100 ",67,investments,Finance & Investments,M,Far Hills,NJ,,,,,,,,,,,,,
Steven Roth,Roth,1941,"$1,100 ",78,real estate,Real Estate,M,New York,NY,,,,,,,,,,,,,
Chris Sacca,Sacca,1941,"$1,100 ",44,venture capital investing,Finance & Investments,M,Truckee,CA,,,,,,,,,,,,,
Alice Schwartz,Schwartz,1941,"$1,100 ",93,biotech,Healthcare,F,El Cerrito,CA,,,,,,,,,,,,,
Michael Steinhardt,Steinhardt,1941,"$1,100 ",79,hedge funds,Finance & Investments,M,Mount Kisco,NY,,,,,,,,,,,,,
Anthony Wood,Wood,1941,"$1,100 ",54,Roku,Technology,M,Palo Alto,CA,,,,,,,,,,,,,
Martha Ford,Ford,1605,"$1,400 ",94,Ford Motor,Automotive,F,Grosse Point,MI,,,,,,,,,,,,,
Donald Foss,Foss,1717,"$1,300 ",75,auto loans,Automotive,M,Farmington Hills,MI,,,,,,,,,,,,,
Matthew Calkins,Calkins,2057,"$1,000 ",46,software,Technology,M,Rosslyn,VA,,,,,,,,,,,,,
Safra Catz,Catz,2057,"$1,000 ",58,software,Technology,F,Redwood City,CA,,,,,,,,,,,,,
John Goff,Goff,2057,"$1,000 ",65,real estate,Real Estate,M,Fort Worth,TX,,,,,,,,,,,,,
Mimi Haas,Haas,2057,"$1,000 ",73,Levi's jeans,Fashion & Retail,F,San Francisco,CA,,,,,,,,,,,,,
David Hall,Hall,2057,"$1,000 ",68,automotive technology,Automotive,M,Alameda,CA,,,,,,,,,,,,,
Donald Horton,Horton,2057,"$1,000 ",69,homebuilding,Real Estate,M,Fort Worth,TX,,,,,,,,,,,,,
Kylie Jenner,Jenner,2057,"$1,000 ",22,cosmetics,Fashion & Retail,F,Los Angeles,CA,,,,,,,,,,,,,
Robert Friedland,Friedland,2057,"$1,000 ",69,mining,Metals & Mining,M,,Singapore,,,,,,,,,,,,,
Leo Koguan,Koguan,2057,"$1,000 ",64,IT provider,Technology,M,Sugarland,TX,,,,,,,,,,,,,
Tor Peterson,Peterson,1349,"$1,700 ",55,commodities,Metals & Mining,M,Zug,Switzerland,,,,,,,,,,,,,
Henry Engelhardt,Engelhardt,1818,"$1,200 ",61,insurance,Finance & Investments,M,Cardiff,Wales UK,,,,,,,,,,,,,
Lowell Milken,Milken,2057,"$1,000 ",71,investments,Finance & Investments,M,Los Angeles,CA,,,,,,,,,,,,,
Carolyn Rafaelian,Rafaelian,2057,"$1,000 ",53,jewelry,Fashion & Retail,F,Newport,RI,,,,,,,,,,,,,
Evan Sharp,Sharp,2057,"$1,000 ",37,Pinterest,Technology,M,San Francisco,CA,,,,,,,,,,,,,
Anastasia Soare,Soare,2057,"$1,000 ",62,cosmetics,Fashion & Retail,F,Beverly Hills,CA,,,,,,,,,,,,,
Axel Stawski,Stawski,2057,"$1,000 ",69,real estate,Real Estate,M,Sagaponack,NY,,,,,,,,,,,,,
James Truchard,Truchard,2057,"$1,000 ",76,software,Technology,M,Austin,TX,,,,,,,,,,,,,
Sandy Weill,Weill,2057,"$1,000 ",86,Citigroup,Finance & Investments,M,Sonoma,CA,,,,,,,,,,,,,
,,,,,,,,,,,,,,,,,,,,,,
,,,,,,,,,,,,,,,,,,,,,,
,,,,,,,,,,,,,,,,,,,,,,
,,,,,,,,,,,,,,,,,,,,,,
,,,,,,,,,,,,,,,,,,,,,,
,,,,,,,,,,,,,,,,,,,,,,
,,,,,,,,,,,,,,,,,,,,,,
,,,,,,,,,,,,,,,,,,,,,,
,,,,,,,,,,,,,,,,,,,,,,
,,,,,,,,,,,,,,,,,,,,,,
,,,,,,,,,,,,,,,,,,,,,,
,,,,,,,,,,,,,,,,,,,,,,
,,,,,,,,,,,,,,,,,,,,,,
,,,,,,,,,,,,,,,,,,,,,,
,,,,,,,,,,,,,,,,,,,,,,
,,,,,,,,,,,,,,,,,,,,,,
,,,,,,,,,,,,,,,,,,,,,,
,,,,,,,,,,,,,,,,,,,,,,
,,,,,,,,,,,,,,,,,,,,,,
,,,,,,,,,,,,,,,,,,,,,,
,,,,,,,,,,,,,,,,,,,,,,
,,,,,,,,,,,,,,,,,,,,,,
,,,,,,,,,,,,,,,,,,,,,,
,,,,,,,,,,,,,,,,,,,,,,
,,,,,,,,,,,,,,,,,,,,,,
,,,,,,,,,,,,,,,,,,,,,,
,,,,,,,,,,,,,,,,,,,,,,
,,,,,,,,,,,,,,,,,,,,,,
,,,,,,,,,,,,,,,,,,,,,,
,,,,,,,,,,,,,,,,,,,,,,
,,,,,,,,,,,,,,,,,,,,,,
,,,,,,,,,,,,,,,,,,,,,,
,,,,,,,,,,,,,,,,,,,,,,
,,,,,,,,,,,,,,,,,,,,,,
,,,,,,,,,,,,,,,,,,,,,,
,,,,,,,,,,,,,,,,,,,,,,
,,,,,,,,,,,,,,,,,,,,,,
,,,,,,,,,,,,,,,,,,,,,,
,,,,,,,,,,,,,,,,,,,,,,
,,,,,,,,,,,,,,,,,,,,,,
,,,,,,,,,,,,,,,,,,,,,,
,,,,,,,,,,,,,,,,,,,,,,
,,,,,,,,,,,,,,,,,,,,,,
,,,,,,,,,,,,,,,,,,,,,,
,,,,,,,,,,,,,,,,,,,,,,
,,,,,,,,,,,,,,,,,,,,,,
,,,,,,,,,,,,,,,,,,,,,,
,,,,,,,,,,,,,,,,,,,,,,
,,,,,,,,,,,,,,,,,,,,,,
,,,,,,,,,,,,,,,,,,,,,,
,,,,,,,,,,,,,,,,,,,,,,
,,,,,,,,,,,,,,,,,,,,,,
,,,,,,,,,,,,,,,,,,,,,,
,,,,,,,,,,,,,,,,,,,,,,
,,,,,,,,,,,,,,,,,,,,,,
,,,,,,,,,,,,,,,,,,,,,,
,,,,,,,,,,,,,,,,,,,,,,
,,,,,,,,,,,,,,,,,,,,,,
,,,,,,,,,,,,,,,,,,,,,,
,,,,,,,,,,,,,,,,,,,,,,
,,,,,,,,,,,,,,,,,,,,,,
,,,,,,,,,,,,,,,,,,,,,,
,,,,,,,,,,,,,,,,,,,,,,
,,,,,,,,,,,,,,,,,,,,,,
,,,,,,,,,,,,,,,,,,,,,,
,,,,,,,,,,,,,,,,,,,,,,
,,,,,,,,,,,,,,,,,,,,,,
,,,,,,,,,,,,,,,,,,,,,,
,,,,,,,,,,,,,,,,,,,,,,
,,,,,,,,,,,,,,,,,,,,,,
,,,,,,,,,,,,,,,,,,,,,,
,,,,,,,,,,,,,,,,,,,,,,
,,,,,,,,,,,,,,,,,,,,,,
,,,,,,,,,,,,,,,,,,,,,,
,,,,,,,,,,,,,,,,,,,,,,
,,,,,,,,,,,,,,,,,,,,,,
,,,,,,,,,,,,,,,,,,,,,,
,,,,,,,,,,,,,,,,,,,,,,
,,,,,,,,,,,,,,,,,,,,,,
,,,,,,,,,,,,,,,,,,,,,,
,,,,,,,,,,,,,,,,,,,,,,
,,,,,,,,,,,,,,,,,,,,,,
,,,,,,,,,,,,,,,,,,,,,,
,,,,,,,,,,,,,,,,,,,,,,
,,,,,,,,,,,,,,,,,,,,,,
,,,,,,,,,,,,,,,,,,,,,,
,,,,,,,,,,,,,,,,,,,,,,
,,,,,,,,,,,,,,,,,,,,,,
,,,,,,,,,,,,,,,,,,,,,,
,,,,,,,,,,,,,,,,,,,,,,
,,,,,,,,,,,,,,,,,,,,,,
,,,,,,,,,,,,,,,,,,,,,,
,,,,,,,,,,,,,,,,,,,,,,
,,,,,,,,,,,,,,,,,,,,,,
,,,,,,,,,,,,,,,,,,,,,,
,,,,,,,,,,,,,,,,,,,,,,
,,,,,,,,,,,,,,,,,,,,,,
,,,,,,,,,,,,,,,,,,,,,,
,,,,,,,,,,,,,,,,,,,,,,
,,,,,,,,,,,,,,,,,,,,,,
,,,,,,,,,,,,,,,,,,,,,,
,,,,,,,,,,,,,,,,,,,,,,
,,,,,,,,,,,,,,,,,,,,,,
,,,,,,,,,,,,,,,,,,,,,,
,,,,,,,,,,,,,,,,,,,,,,
,,,,,,,,,,,,,,,,,,,,,,
,,,,,,,,,,,,,,,,,,,,,,
,,,,,,,,,,,,,,,,,,,,,,
,,,,,,,,,,,,,,,,,,,,,,
,,,,,,,,,,,,,,,,,,,,,,
,,,,,,,,,,,,,,,,,,,,,,
,,,,,,,,,,,,,,,,,,,,,,
,,,,,,,,,,,,,,,,,,,,,,
,,,,,,,,,,,,,,,,,,,,,,
,,,,,,,,,,,,,,,,,,,,,,
,,,,,,,,,,,,,,,,,,,,,,
,,,,,,,,,,,,,,,,,,,,,,
,,,,,,,,,,,,,,,,,,,,,,
,,,,,,,,,,,,,,,,,,,,,,
,,,,,,,,,,,,,,,,,,,,,,
,,,,,,,,,,,,,,,,,,,,,,
,,,,,,,,,,,,,,,,,,,,,,
,,,,,,,,,,,,,,,,,,,,,,
,,,,,,,,,,,,,,,,,,,,,,
,,,,,,,,,,,,,,,,,,,,,,
,,,,,,,,,,,,,,,,,,,,,,
,,,,,,,,,,,,,,,,,,,,,,
,,,,,,,,,,,,,,,,,,,,,,
,,,,,,,,,,,,,,,,,,,,,,
,,,,,,,,,,,,,,,,,,,,,,
,,,,,,,,,,,,,,,,,,,,,,
,,,,,,,,,,,,,,,,,,,,,,
,,,,,,,,,,,,,,,,,,,,,,
,,,,,,,,,,,,,,,,,,,,,,
,,,,,,,,,,,,,,,,,,,,,,
,,,,,,,,,,,,,,,,,,,,,,
,,,,,,,,,,,,,,,,,,,,,,
,,,,,,,,,,,,,,,,,,,,,,
,,,,,,,,,,,,,,,,,,,,,,
,,,,,,,,,,,,,,,,,,,,,,
,,,,,,,,,,,,,,,,,,,,,,
,,,,,,,,,,,,,,,,,,,,,,
,,,,,,,,,,,,,,,,,,,,,,
,,,,,,,,,,,,,,,,,,,,,,
,,,,,,,,,,,,,,,,,,,,,,
,,,,,,,,,,,,,,,,,,,,,,
,,,,,,,,,,,,,,,,,,,,,,
,,,,,,,,,,,,,,,,,,,,,,
,,,,,,,,,,,,,,,,,,,,,,
,,,,,,,,,,,,,,,,,,,,,,
,,,,,,,,,,,,,,,,,,,,,,
,,,,,,,,,,,,,,,,,,,,,,
,,,,,,,,,,,,,,,,,,,,,,
,,,,,,,,,,,,,,,,,,,,,,
,,,,,,,,,,,,,,,,,,,,,,
,,,,,,,,,,,,,,,,,,,,,,
,,,,,,,,,,,,,,,,,,,,,,
,,,,,,,,,,,,,,,,,,,,,,
,,,,,,,,,,,,,,,,,,,,,,
,,,,,,,,,,,,,,,,,,,,,,
,,,,,,,,,,,,,,,,,,,,,,
,,,,,,,,,,,,,,,,,,,,,,
,,,,,,,,,,,,,,,,,,,,,,
,,,,,,,,,,,,,,,,,,,,,,
,,,,,,,,,,,,,,,,,,,,,,
,,,,,,,,,,,,,,,,,,,,,,
,,,,,,,,,,,,,,,,,,,,,,
,,,,,,,,,,,,,,,,,,,,,,
,,,,,,,,,,,,,,,,,,,,,,
,,,,,,,,,,,,,,,,,,,,,,
,,,,,,,,,,,,,,,,,,,,,,
,,,,,,,,,,,,,,,,,,,,,,
,,,,,,,,,,,,,,,,,,,,,,
,,,,,,,,,,,,,,,,,,,,,,
,,,,,,,,,,,,,,,,,,,,,,
,,,,,,,,,,,,,,,,,,,,,,
,,,,,,,,,,,,,,,,,,,,,,
,,,,,,,,,,,,,,,,,,,,,,
,,,,,,,,,,,,,,,,,,,,,,
,,,,,,,,,,,,,,,,,,,,,,
,,,,,,,,,,,,,,,,,,,,,,
,,,,,,,,,,,,,,,,,,,,,,
,,,,,,,,,,,,,,,,,,,,,,
,,,,,,,,,,,,,,,,,,,,,,
,,,,,,,,,,,,,,,,,,,,,,
,,,,,,,,,,,,,,,,,,,,,,
,,,,,,,,,,,,,,,,,,,,,,
,,,,,,,,,,,,,,,,,,,,,,
,,,,,,,,,,,,,,,,,,,,,,
,,,,,,,,,,,,,,,,,,,,,,
,,,,,,,,,,,,,,,,,,,,,,
,,,,,,,,,,,,,,,,,,,,,,
,,,,,,,,,,,,,,,,,,,,,,
,,,,,,,,,,,,,,,,,,,,,,
,,,,,,,,,,,,,,,,,,,,,,
,,,,,,,,,,,,,,,,,,,,,,
,,,,,,,,,,,,,,,,,,,,,,
,,,,,,,,,,,,,,,,,,,,,,
,,,,,,,,,,,,,,,,,,,,,,
,,,,,,,,,,,,,,,,,,,,,,
,,,,,,,,,,,,,,,,,,,,,,
,,,,,,,,,,,,,,,,,,,,,,
,,,,,,,,,,,,,,,,,,,,,,
,,,,,,,,,,,,,,,,,,,,,,
,,,,,,,,,,,,,,,,,,,,,,
,,,,,,,,,,,,,,,,,,,,,,
,,,,,,,,,,,,,,,,,,,,,,
,,,,,,,,,,,,,,,,,,,,,,
,,,,,,,,,,,,,,,,,,,,,,
,,,,,,,,,,,,,,,,,,,,,,
,,,,,,,,,,,,,,,,,,,,,,
,,,,,,,,,,,,,,,,,,,,,,
,,,,,,,,,,,,,,,,,,,,,,
,,,,,,,,,,,,,,,,,,,,,,
,,,,,,,,,,,,,,,,,,,,,,
,,,,,,,,,,,,,,,,,,,,,,
,,,,,,,,,,,,,,,,,,,,,,
,,,,,,,,,,,,,,,,,,,,,,
,,,,,,,,,,,,,,,,,,,,,,
,,,,,,,,,,,,,,,,,,,,,,
,,,,,,,,,,,,,,,,,,,,,,
,,,,,,,,,,,,,,,,,,,,,,
,,,,,,,,,,,,,,,,,,,,,,
,,,,,,,,,,,,,,,,,,,,,,
,,,,,,,,,,,,,,,,,,,,,,
,,,,,,,,,,,,,,,,,,,,,,
,,,,,,,,,,,,,,,,,,,,,,
,,,,,,,,,,,,,,,,,,,,,,
,,,,,,,,,,,,,,,,,,,,,,
,,,,,,,,,,,,,,,,,,,,,,
,,,,,,,,,,,,,,,,,,,,,,
,,,,,,,,,,,,,,,,,,,,,,
,,,,,,,,,,,,,,,,,,,,,,
,,,,,,,,,,,,,,,,,,,,,,
,,,,,,,,,,,,,,,,,,,,,,
,,,,,,,,,,,,,,,,,,,,,,
,,,,,,,,,,,,,,,,,,,,,,
,,,,,,,,,,,,,,,,,,,,,,
,,,,,,,,,,,,,,,,,,,,,,
,,,,,,,,,,,,,,,,,,,,,,
,,,,,,,,,,,,,,,,,,,,,,
,,,,,,,,,,,,,,,,,,,,,,
,,,,,,,,,,,,,,,,,,,,,,
,,,,,,,,,,,,,,,,,,,,,,
,,,,,,,,,,,,,,,,,,,,,,
,,,,,,,,,,,,,,,,,,,,,,
,,,,,,,,,,,,,,,,,,,,,,
,,,,,,,,,,,,,,,,,,,,,,
,,,,,,,,,,,,,,,,,,,,,,
,,,,,,,,,,,,,,,,,,,,,,
,,,,,,,,,,,,,,,,,,,,,,
,,,,,,,,,,,,,,,,,,,,,,
,,,,,,,,,,,,,,,,,,,,,,
,,,,,,,,,,,,,,,,,,,,,,
,,,,,,,,,,,,,,,,,,,,,,
,,,,,,,,,,,,,,,,,,,,,,
,,,,,,,,,,,,,,,,,,,,,,
,,,,,,,,,,,,,,,,,,,,,,
,,,,,,,,,,,,,,,,,,,,,,
,,,,,,,,,,,,,,,,,,,,,,
,,,,,,,,,,,,,,,,,,,,,,
,,,,,,,,,,,,,,,,,,,,,,
,,,,,,,,,,,,,,,,,,,,,,
,,,,,,,,,,,,,,,,,,,,,,
,,,,,,,,,,,,,,,,,,,,,,
,,,,,,,,,,,,,,,,,,,,,,
,,,,,,,,,,,,,,,,,,,,,,
,,,,,,,,,,,,,,,,,,,,,,
,,,,,,,,,,,,,,,,,,,,,,
,,,,,,,,,,,,,,,,,,,,,,
,,,,,,,,,,,,,,,,,,,,,,
,,,,,,,,,,,,,,,,,,,,,,
,,,,,,,,,,,,,,,,,,,,,,
,,,,,,,,,,,,,,,,,,,,,,
,,,,,,,,,,,,,,,,,,,,,,
,,,,,,,,,,,,,,,,,,,,,,
,,,,,,,,,,,,,,,,,,,,,,
,,,,,,,,,,,,,,,,,,,,,,
,,,,,,,,,,,,,,,,,,,,,,
,,,,,,,,,,,,,,,,,,,,,,
,,,,,,,,,,,,,,,,,,,,,,
,,,,,,,,,,,,,,,,,,,,,,
,,,,,,,,,,,,,,,,,,,,,,
,,,,,,,,,,,,,,,,,,,,,,
,,,,,,,,,,,,,,,,,,,,,,
,,,,,,,,,,,,,,,,,,,,,,
,,,,,,,,,,,,,,,,,,,,,,
,,,,,,,,,,,,,,,,,,,,,,
,,,,,,,,,,,,,,,,,,,,,,
,,,,,,,,,,,,,,,,,,,,,,
,,,,,,,,,,,,,,,,,,,,,,
,,,,,,,,,,,,,,,,,,,,,,
,,,,,,,,,,,,,,,,,,,,,,
,,,,,,,,,,,,,,,,,,,,,,
,,,,,,,,,,,,,,,,,,,,,,
,,,,,,,,,,,,,,,,,,,,,,
,,,,,,,,,,,,,,,,,,,,,,
,,,,,,,,,,,,,,,,,,,,,,
,,,,,,,,,,,,,,,,,,,,,,
,,,,,,,,,,,,,,,,,,,,,,
,,,,,,,,,,,,,,,,,,,,,,
,,,,,,,,,,,,,,,,,,,,,,
,,,,,,,,,,,,,,,,,,,,,,
,,,,,,,,,,,,,,,,,,,,,,
,,,,,,,,,,,,,,,,,,,,,,
,,,,,,,,,,,,,,,,,,,,,,
,,,,,,,,,,,,,,,,,,,,,,
,,,,,,,,,,,,,,,,,,,,,,
,,,,,,,,,,,,,,,,,,,,,,
,,,,,,,,,,,,,,,,,,,,,,
,,,,,,,,,,,,,,,,,,,,,,
,,,,,,,,,,,,,,,,,,,,,,
,,,,,,,,,,,,,,,,,,,,,,
,,,,,,,,,,,,,,,,,,,,,,
,,,,,,,,,,,,,,,,,,,,,,
,,,,,,,,,,,,,,,,,,,,,,
,,,,,,,,,,,,,,,,,,,,,,
,,,,,,,,,,,,,,,,,,,,,,
,,,,,,,,,,,,,,,,,,,,,,
,,,,,,,,,,,,,,,,,,,,,,
,,,,,,,,,,,,,,,,,,,,,,
,,,,,,,,,,,,,,,,,,,,,,
,,,,,,,,,,,,,,,,,,,,,,
,,,,,,,,,,,,,,,,,,,,,,
,,,,,,,,,,,,,,,,,,,,,,
,,,,,,,,,,,,,,,,,,,,,,
,,,,,,,,,,,,,,,,,,,,,,
,,,,,,,,,,,,,,,,,,,,,,
,,,,,,,,,,,,,,,,,,,,,,
,,,,,,,,,,,,,,,,,,,,,,
,,,,,,,,,,,,,,,,,,,,,,
,,,,,,,,,,,,,,,,,,,,,,
,,,,,,,,,,,,,,,,,,,,,,
,,,,,,,,,,,,,,,,,,,,,,
,,,,,,,,,,,,,,,,,,,,,,
,,,,,,,,,,,,,,,,,,,,,,
,,,,,,,,,,,,,,,,,,,,,,
,,,,,,,,,,,,,,,,,,,,,,
,,,,,,,,,,,,,,,,,,,,,,
,,,,,,,,,,,,,,,,,,,,,,
,,,,,,,,,,,,,,,,,,,,,,
,,,,,,,,,,,,,,,,,,,,,,
,,,,,,,,,,,,,,,,,,,,,,
,,,,,,,,,,,,,,,,,,,,,,
,,,,,,,,,,,,,,,,,,,,,,
,,,,,,,,,,,,,,,,,,,,,,
,,,,,,,,,,,,,,,,,,,,,,
,,,,,,,,,,,,,,,,,,,,,,
,,,,,,,,,,,,,,,,,,,,,,
,,,,,,,,,,,,,,,,,,,,,,
,,,,,,,,,,,,,,,,,,,,,,
,,,,,,,,,,,,,,,,,,,,,,
,,,,,,,,,,,,,,,,,,,,,,
,,,,,,,,,,,,,,,,,,,,,,
,,,,,,,,,,,,,,,,,,,,,,
,,,,,,,,,,,,,,,,,,,,,,
,,,,,,,,,,,,,,,,,,,,,,
,,,,,,,,,,,,,,,,,,,,,,
,,,,,,,,,,,,,,,,,,,,,,
,,,,,,,,,,,,,,,,,,,,,,
,,,,,,,,,,,,,,,,,,,,,,
,,,,,,,,,,,,,,,,,,,,,,
,,,,,,,,,,,,,,,,,,,,,,
,,,,,,,,,,,,,,,,,,,,,,
,,,,,,,,,,,,,,,,,,,,,,
,,,,,,,,,,,,,,,,,,,,,,
,,,,,,,,,,,,,,,,,,,,,,
,,,,,,,,,,,,,,,,,,,,,,
,,,,,,,,,,,,,,,,,,,,,,
,,,,,,,,,,,,,,,,,,,,,,
,,,,,,,,,,,,,,,,,,,,,,
,,,,,,,,,,,,,,,,,,,,,,
,,,,,,,,,,,,,,,,,,,,,,
,,,,,,,,,,,,,,,,,,,,,,
,,,,,,,,,,,,,,,,,,,,,,
,,,,,,,,,,,,,,,,,,,,,,
,,,,,,,,,,,,,,,,,,,,,,
,,,,,,,,,,,,,,,,,,,,,,
,,,,,,,,,,,,,,,,,,,,,,
,,,,,,,,,,,,,,,,,,,,,,
,,,,,,,,,,,,,,,,,,,,,,
,,,,,,,,,,,,,,,,,,,,,,
,,,,,,,,,,,,,,,,,,,,,,
,,,,,,,,,,,,,,,,,,,,,,
,,,,,,,,,,,,,,,,,,,,,,
,,,,,,,,,,,,,,,,,,,,,,
,,,,,,,,,,,,,,,,,,,,,,
,,,,,,,,,,,,,,,,,,,,,,
,,,,,,,,,,,,,,,,,,,,,,
,,,,,,,,,,,,,,,,,,,,,,
,,,,,,,,,,,,,,,,,,,,,,
,,,,,,,,,,,,,,,,,,,,,,
,,,,,,,,,,,,,,,,,,,,,,